Domain Code,Domain,Area Code (M49),Area,Element Code,Element,Item Code (FBS),Item,Year Code,Year,Unit,Value,Flag,Flag Description,Note
FBS,Food Balances (2010-),4,Afghanistan,645,Food supply quantity (kg/capita/yr),S2542,Sugar (Raw Equivalent),2019,2019,kg/cap,15.28,E,Estimated value,
FBS,Food Balances (2010-),4,Afghanistan,645,Food supply quantity (kg/capita/yr),S2542,Sugar (Raw Equivalent),2020,2020,kg/cap,15.13,E,Estimated value,
FBS,Food Balances (2010-),4,Afghanistan,645,Food supply quantity (kg/capita/yr),S2542,Sugar (Raw Equivalent),2021,2021,kg/cap,12.79,E,Estimated value,
FBS,Food Balances (2010-),4,Afghanistan,645,Food supply quantity (kg/capita/yr),S2542,Sugar (Raw Equivalent),2022,2022,kg/cap,8.3,E,Estimated value,
FBS,Food Balances (2010-),4,Afghanistan,645,Food supply quantity (kg/capita/yr),S2542,Sugar (Raw Equivalent),2023,2023,kg/cap,10.35,E,Estimated value,
FBS,Food Balances (2010-),8,Albania,645,Food supply quantity (kg/capita/yr),S2542,Sugar (Raw Equivalent),2019,2019,kg/cap,16.54,E,Estimated value,
FBS,Food Balances (2010-),8,Albania,645,Food supply quantity (kg/capita/yr),S2542,Sugar (Raw Equivalent),2020,2020,kg/cap,18.6,E,Estimated value,
FBS,Food Balances (2010-),8,Albania,645,Food supply quantity (kg/capita/yr),S2542,Sugar (Raw Equivalent),2021,2021,kg/cap,19.73,E,Estimated value,
FBS,Food Balances (2010-),8,Albania,645,Food supply quantity (kg/capita/yr),S2542,Sugar (Raw Equivalent),2022,2022,kg/cap,20.79,E,Estimated value,
FBS,Food Balances (2010-),8,Albania,645,Food supply quantity (kg/capita/yr),S2542,Sugar (Raw Equivalent),2023,2023,kg/cap,20.03,E,Estimated value,
FBS,Food Balances (2010-),12,Algeria,645,Food supply quantity (kg/capita/yr),S2542,Sugar (Raw Equivalent),2019,2019,kg/cap,28.08,E,Estimated value,
FBS,Food Balances (2010-),12,Algeria,645,Food supply quantity (kg/capita/yr),S2542,Sugar (Raw Equivalent),2020,2020,kg/cap,28.35,E,Estimated value,
FBS,Food Balances (2010-),12,Algeria,645,Food supply quantity (kg/capita/yr),S2542,Sugar (Raw Equivalent),2021,2021,kg/cap,28.73,E,Estimated value,
FBS,Food Balances (2010-),12,Algeria,645,Food supply quantity (kg/capita/yr),S2542,Sugar (Raw Equivalent),2022,2022,kg/cap,27.38,E,Estimated value,
FBS,Food Balances (2010-),12,Algeria,645,Food supply quantity (kg/capita/yr),S2542,Sugar (Raw Equivalent),2023,2023,kg/cap,27.78,E,Estimated value,
FBS,Food Balances (2010-),24,Angola,645,Food supply quantity (kg/capita/yr),S2542,Sugar (Raw Equivalent),2019,2019,kg/cap,12.28,E,Estimated value,
FBS,Food Balances (2010-),24,Angola,645,Food supply quantity (kg/capita/yr),S2542,Sugar (Raw Equivalent),2020,2020,kg/cap,10.87,E,Estimated value,
FBS,Food Balances (2010-),24,Angola,645,Food supply quantity (kg/capita/yr),S2542,Sugar (Raw Equivalent),2021,2021,kg/cap,10.25,E,Estimated value,
FBS,Food Balances (2010-),24,Angola,645,Food supply quantity (kg/capita/yr),S2542,Sugar (Raw Equivalent),2022,2022,kg/cap,8.09,E,Estimated value,
FBS,Food Balances (2010-),24,Angola,645,Food supply quantity (kg/capita/yr),S2542,Sugar (Raw Equivalent),2023,2023,kg/cap,8.32,E,Estimated value,
FBS,Food Balances (2010-),28,Antigua and Barbuda,645,Food supply quantity (kg/capita/yr),S2542,Sugar (Raw Equivalent),2019,2019,kg/cap,20.44,E,Estimated value,
FBS,Food Balances (2010-),28,Antigua and Barbuda,645,Food supply quantity (kg/capita/yr),S2542,Sugar (Raw Equivalent),2020,2020,kg/cap,22.49,E,Estimated value,
FBS,Food Balances (2010-),28,Antigua and Barbuda,645,Food supply quantity (kg/capita/yr),S2542,Sugar (Raw Equivalent),2021,2021,kg/cap,19.09,E,Estimated value,
FBS,Food Balances (2010-),28,Antigua and Barbuda,645,Food supply quantity (kg/capita/yr),S2542,Sugar (Raw Equivalent),2022,2022,kg/cap,18.57,E,Estimated value,
FBS,Food Balances (2010-),28,Antigua and Barbuda,645,Food supply quantity (kg/capita/yr),S2542,Sugar (Raw Equivalent),2023,2023,kg/cap,19.83,E,Estimated value,
FBS,Food Balances (2010-),32,Argentina,645,Food supply quantity (kg/capita/yr),S2542,Sugar (Raw Equivalent),2019,2019,kg/cap,37.91,E,Estimated value,
FBS,Food Balances (2010-),32,Argentina,645,Food supply quantity (kg/capita/yr),S2542,Sugar (Raw Equivalent),2020,2020,kg/cap,41.43,E,Estimated value,
FBS,Food Balances (2010-),32,Argentina,645,Food supply quantity (kg/capita/yr),S2542,Sugar (Raw Equivalent),2021,2021,kg/cap,35.33,E,Estimated value,
FBS,Food Balances (2010-),32,Argentina,645,Food supply quantity (kg/capita/yr),S2542,Sugar (Raw Equivalent),2022,2022,kg/cap,30.8,E,Estimated value,
FBS,Food Balances (2010-),32,Argentina,645,Food supply quantity (kg/capita/yr),S2542,Sugar (Raw Equivalent),2023,2023,kg/cap,35.36,E,Estimated value,
FBS,Food Balances (2010-),51,Armenia,645,Food supply quantity (kg/capita/yr),S2542,Sugar (Raw Equivalent),2019,2019,kg/cap,26.53,E,Estimated value,
FBS,Food Balances (2010-),51,Armenia,645,Food supply quantity (kg/capita/yr),S2542,Sugar (Raw Equivalent),2020,2020,kg/cap,26.08,E,Estimated value,
FBS,Food Balances (2010-),51,Armenia,645,Food supply quantity (kg/capita/yr),S2542,Sugar (Raw Equivalent),2021,2021,kg/cap,25.59,E,Estimated value,
FBS,Food Balances (2010-),51,Armenia,645,Food supply quantity (kg/capita/yr),S2542,Sugar (Raw Equivalent),2022,2022,kg/cap,24.9,E,Estimated value,
FBS,Food Balances (2010-),51,Armenia,645,Food supply quantity (kg/capita/yr),S2542,Sugar (Raw Equivalent),2023,2023,kg/cap,23.65,E,Estimated value,
FBS,Food Balances (2010-),36,Australia,645,Food supply quantity (kg/capita/yr),S2542,Sugar (Raw Equivalent),2019,2019,kg/cap,32.88,E,Estimated value,
FBS,Food Balances (2010-),36,Australia,645,Food supply quantity (kg/capita/yr),S2542,Sugar (Raw Equivalent),2020,2020,kg/cap,33.1,E,Estimated value,
FBS,Food Balances (2010-),36,Australia,645,Food supply quantity (kg/capita/yr),S2542,Sugar (Raw Equivalent),2021,2021,kg/cap,33.01,E,Estimated value,
FBS,Food Balances (2010-),36,Australia,645,Food supply quantity (kg/capita/yr),S2542,Sugar (Raw Equivalent),2022,2022,kg/cap,35.93,E,Estimated value,
FBS,Food Balances (2010-),36,Australia,645,Food supply quantity (kg/capita/yr),S2542,Sugar (Raw Equivalent),2023,2023,kg/cap,33.38,E,Estimated value,
FBS,Food Balances (2010-),40,Austria,645,Food supply quantity (kg/capita/yr),S2542,Sugar (Raw Equivalent),2019,2019,kg/cap,36.27,E,Estimated value,
FBS,Food Balances (2010-),40,Austria,645,Food supply quantity (kg/capita/yr),S2542,Sugar (Raw Equivalent),2020,2020,kg/cap,33.15,E,Estimated value,
FBS,Food Balances (2010-),40,Austria,645,Food supply quantity (kg/capita/yr),S2542,Sugar (Raw Equivalent),2021,2021,kg/cap,31.89,E,Estimated value,
FBS,Food Balances (2010-),40,Austria,645,Food supply quantity (kg/capita/yr),S2542,Sugar (Raw Equivalent),2022,2022,kg/cap,32.42,E,Estimated value,
FBS,Food Balances (2010-),40,Austria,645,Food supply quantity (kg/capita/yr),S2542,Sugar (Raw Equivalent),2023,2023,kg/cap,32.52,E,Estimated value,
FBS,Food Balances (2010-),31,Azerbaijan,645,Food supply quantity (kg/capita/yr),S2542,Sugar (Raw Equivalent),2019,2019,kg/cap,22.44,E,Estimated value,
FBS,Food Balances (2010-),31,Azerbaijan,645,Food supply quantity (kg/capita/yr),S2542,Sugar (Raw Equivalent),2020,2020,kg/cap,21.84,E,Estimated value,
FBS,Food Balances (2010-),31,Azerbaijan,645,Food supply quantity (kg/capita/yr),S2542,Sugar (Raw Equivalent),2021,2021,kg/cap,23.56,E,Estimated value,
FBS,Food Balances (2010-),31,Azerbaijan,645,Food supply quantity (kg/capita/yr),S2542,Sugar (Raw Equivalent),2022,2022,kg/cap,23.64,E,Estimated value,
FBS,Food Balances (2010-),31,Azerbaijan,645,Food supply quantity (kg/capita/yr),S2542,Sugar (Raw Equivalent),2023,2023,kg/cap,21.19,E,Estimated value,
FBS,Food Balances (2010-),44,Bahamas,645,Food supply quantity (kg/capita/yr),S2542,Sugar (Raw Equivalent),2019,2019,kg/cap,30.38,E,Estimated value,
FBS,Food Balances (2010-),44,Bahamas,645,Food supply quantity (kg/capita/yr),S2542,Sugar (Raw Equivalent),2020,2020,kg/cap,30.43,E,Estimated value,
FBS,Food Balances (2010-),44,Bahamas,645,Food supply quantity (kg/capita/yr),S2542,Sugar (Raw Equivalent),2021,2021,kg/cap,26.61,E,Estimated value,
FBS,Food Balances (2010-),44,Bahamas,645,Food supply quantity (kg/capita/yr),S2542,Sugar (Raw Equivalent),2022,2022,kg/cap,21.72,E,Estimated value,
FBS,Food Balances (2010-),44,Bahamas,645,Food supply quantity (kg/capita/yr),S2542,Sugar (Raw Equivalent),2023,2023,kg/cap,12.08,E,Estimated value,
FBS,Food Balances (2010-),48,Bahrain,645,Food supply quantity (kg/capita/yr),S2542,Sugar (Raw Equivalent),2019,2019,kg/cap,46.63,E,Estimated value,
FBS,Food Balances (2010-),48,Bahrain,645,Food supply quantity (kg/capita/yr),S2542,Sugar (Raw Equivalent),2020,2020,kg/cap,44.39,E,Estimated value,
FBS,Food Balances (2010-),48,Bahrain,645,Food supply quantity (kg/capita/yr),S2542,Sugar (Raw Equivalent),2021,2021,kg/cap,42.75,E,Estimated value,
FBS,Food Balances (2010-),48,Bahrain,645,Food supply quantity (kg/capita/yr),S2542,Sugar (Raw Equivalent),2022,2022,kg/cap,42.32,E,Estimated value,
FBS,Food Balances (2010-),48,Bahrain,645,Food supply quantity (kg/capita/yr),S2542,Sugar (Raw Equivalent),2023,2023,kg/cap,42.18,E,Estimated value,
FBS,Food Balances (2010-),50,Bangladesh,645,Food supply quantity (kg/capita/yr),S2542,Sugar (Raw Equivalent),2019,2019,kg/cap,6.14,E,Estimated value,
FBS,Food Balances (2010-),50,Bangladesh,645,Food supply quantity (kg/capita/yr),S2542,Sugar (Raw Equivalent),2020,2020,kg/cap,6.25,E,Estimated value,
FBS,Food Balances (2010-),50,Bangladesh,645,Food supply quantity (kg/capita/yr),S2542,Sugar (Raw Equivalent),2021,2021,kg/cap,6.52,E,Estimated value,
FBS,Food Balances (2010-),50,Bangladesh,645,Food supply quantity (kg/capita/yr),S2542,Sugar (Raw Equivalent),2022,2022,kg/cap,5.88,E,Estimated value,
FBS,Food Balances (2010-),50,Bangladesh,645,Food supply quantity (kg/capita/yr),S2542,Sugar (Raw Equivalent),2023,2023,kg/cap,5.72,E,Estimated value,
FBS,Food Balances (2010-),52,Barbados,645,Food supply quantity (kg/capita/yr),S2542,Sugar (Raw Equivalent),2019,2019,kg/cap,55.62,E,Estimated value,
FBS,Food Balances (2010-),52,Barbados,645,Food supply quantity (kg/capita/yr),S2542,Sugar (Raw Equivalent),2020,2020,kg/cap,48.93,E,Estimated value,
FBS,Food Balances (2010-),52,Barbados,645,Food supply quantity (kg/capita/yr),S2542,Sugar (Raw Equivalent),2021,2021,kg/cap,48.11,E,Estimated value,
FBS,Food Balances (2010-),52,Barbados,645,Food supply quantity (kg/capita/yr),S2542,Sugar (Raw Equivalent),2022,2022,kg/cap,47.2,E,Estimated value,
FBS,Food Balances (2010-),52,Barbados,645,Food supply quantity (kg/capita/yr),S2542,Sugar (Raw Equivalent),2023,2023,kg/cap,38.29,E,Estimated value,
FBS,Food Balances (2010-),112,Belarus,645,Food supply quantity (kg/capita/yr),S2542,Sugar (Raw Equivalent),2019,2019,kg/cap,25.56,E,Estimated value,
FBS,Food Balances (2010-),112,Belarus,645,Food supply quantity (kg/capita/yr),S2542,Sugar (Raw Equivalent),2020,2020,kg/cap,27.84,E,Estimated value,
FBS,Food Balances (2010-),112,Belarus,645,Food supply quantity (kg/capita/yr),S2542,Sugar (Raw Equivalent),2021,2021,kg/cap,31.97,E,Estimated value,
FBS,Food Balances (2010-),112,Belarus,645,Food supply quantity (kg/capita/yr),S2542,Sugar (Raw Equivalent),2022,2022,kg/cap,31.6,E,Estimated value,
FBS,Food Balances (2010-),112,Belarus,645,Food supply quantity (kg/capita/yr),S2542,Sugar (Raw Equivalent),2023,2023,kg/cap,32.05,E,Estimated value,
FBS,Food Balances (2010-),56,Belgium,645,Food supply quantity (kg/capita/yr),S2542,Sugar (Raw Equivalent),2019,2019,kg/cap,46.29,E,Estimated value,
FBS,Food Balances (2010-),56,Belgium,645,Food supply quantity (kg/capita/yr),S2542,Sugar (Raw Equivalent),2020,2020,kg/cap,45.61,E,Estimated value,
FBS,Food Balances (2010-),56,Belgium,645,Food supply quantity (kg/capita/yr),S2542,Sugar (Raw Equivalent),2021,2021,kg/cap,45.77,E,Estimated value,
FBS,Food Balances (2010-),56,Belgium,645,Food supply quantity (kg/capita/yr),S2542,Sugar (Raw Equivalent),2022,2022,kg/cap,48.23,E,Estimated value,
FBS,Food Balances (2010-),56,Belgium,645,Food supply quantity (kg/capita/yr),S2542,Sugar (Raw Equivalent),2023,2023,kg/cap,53.33,E,Estimated value,
FBS,Food Balances (2010-),84,Belize,645,Food supply quantity (kg/capita/yr),S2542,Sugar (Raw Equivalent),2019,2019,kg/cap,37.58,E,Estimated value,
FBS,Food Balances (2010-),84,Belize,645,Food supply quantity (kg/capita/yr),S2542,Sugar (Raw Equivalent),2020,2020,kg/cap,36.82,E,Estimated value,
FBS,Food Balances (2010-),84,Belize,645,Food supply quantity (kg/capita/yr),S2542,Sugar (Raw Equivalent),2021,2021,kg/cap,34.11,E,Estimated value,
FBS,Food Balances (2010-),84,Belize,645,Food supply quantity (kg/capita/yr),S2542,Sugar (Raw Equivalent),2022,2022,kg/cap,33.09,E,Estimated value,
FBS,Food Balances (2010-),84,Belize,645,Food supply quantity (kg/capita/yr),S2542,Sugar (Raw Equivalent),2023,2023,kg/cap,33.55,E,Estimated value,
FBS,Food Balances (2010-),64,Bhutan,645,Food supply quantity (kg/capita/yr),S2542,Sugar (Raw Equivalent),2019,2019,kg/cap,13.74,E,Estimated value,
FBS,Food Balances (2010-),64,Bhutan,645,Food supply quantity (kg/capita/yr),S2542,Sugar (Raw Equivalent),2020,2020,kg/cap,11.71,E,Estimated value,
FBS,Food Balances (2010-),64,Bhutan,645,Food supply quantity (kg/capita/yr),S2542,Sugar (Raw Equivalent),2021,2021,kg/cap,14.22,E,Estimated value,
FBS,Food Balances (2010-),64,Bhutan,645,Food supply quantity (kg/capita/yr),S2542,Sugar (Raw Equivalent),2022,2022,kg/cap,13.37,E,Estimated value,
FBS,Food Balances (2010-),64,Bhutan,645,Food supply quantity (kg/capita/yr),S2542,Sugar (Raw Equivalent),2023,2023,kg/cap,11.11,E,Estimated value,
FBS,Food Balances (2010-),68,Bolivia (Plurinational State of),645,Food supply quantity (kg/capita/yr),S2542,Sugar (Raw Equivalent),2019,2019,kg/cap,20.29,E,Estimated value,
FBS,Food Balances (2010-),68,Bolivia (Plurinational State of),645,Food supply quantity (kg/capita/yr),S2542,Sugar (Raw Equivalent),2020,2020,kg/cap,19.95,E,Estimated value,
FBS,Food Balances (2010-),68,Bolivia (Plurinational State of),645,Food supply quantity (kg/capita/yr),S2542,Sugar (Raw Equivalent),2021,2021,kg/cap,18.76,E,Estimated value,
FBS,Food Balances (2010-),68,Bolivia (Plurinational State of),645,Food supply quantity (kg/capita/yr),S2542,Sugar (Raw Equivalent),2022,2022,kg/cap,19.17,E,Estimated value,
FBS,Food Balances (2010-),68,Bolivia (Plurinational State of),645,Food supply quantity (kg/capita/yr),S2542,Sugar (Raw Equivalent),2023,2023,kg/cap,19.97,E,Estimated value,
FBS,Food Balances (2010-),70,Bosnia and Herzegovina,645,Food supply quantity (kg/capita/yr),S2542,Sugar (Raw Equivalent),2019,2019,kg/cap,22.09,E,Estimated value,
FBS,Food Balances (2010-),70,Bosnia and Herzegovina,645,Food supply quantity (kg/capita/yr),S2542,Sugar (Raw Equivalent),2020,2020,kg/cap,23.78,E,Estimated value,
FBS,Food Balances (2010-),70,Bosnia and Herzegovina,645,Food supply quantity (kg/capita/yr),S2542,Sugar (Raw Equivalent),2021,2021,kg/cap,23.19,E,Estimated value,
FBS,Food Balances (2010-),70,Bosnia and Herzegovina,645,Food supply quantity (kg/capita/yr),S2542,Sugar (Raw Equivalent),2022,2022,kg/cap,24.71,E,Estimated value,
FBS,Food Balances (2010-),70,Bosnia and Herzegovina,645,Food supply quantity (kg/capita/yr),S2542,Sugar (Raw Equivalent),2023,2023,kg/cap,19.24,E,Estimated value,
FBS,Food Balances (2010-),72,Botswana,645,Food supply quantity (kg/capita/yr),S2542,Sugar (Raw Equivalent),2019,2019,kg/cap,22.78,E,Estimated value,
FBS,Food Balances (2010-),72,Botswana,645,Food supply quantity (kg/capita/yr),S2542,Sugar (Raw Equivalent),2020,2020,kg/cap,21.84,E,Estimated value,
FBS,Food Balances (2010-),72,Botswana,645,Food supply quantity (kg/capita/yr),S2542,Sugar (Raw Equivalent),2021,2021,kg/cap,23.81,E,Estimated value,
FBS,Food Balances (2010-),72,Botswana,645,Food supply quantity (kg/capita/yr),S2542,Sugar (Raw Equivalent),2022,2022,kg/cap,22.02,E,Estimated value,
FBS,Food Balances (2010-),72,Botswana,645,Food supply quantity (kg/capita/yr),S2542,Sugar (Raw Equivalent),2023,2023,kg/cap,23.58,E,Estimated value,
FBS,Food Balances (2010-),76,Brazil,645,Food supply quantity (kg/capita/yr),S2542,Sugar (Raw Equivalent),2019,2019,kg/cap,40.01,E,Estimated value,
FBS,Food Balances (2010-),76,Brazil,645,Food supply quantity (kg/capita/yr),S2542,Sugar (Raw Equivalent),2020,2020,kg/cap,34.18,E,Estimated value,
FBS,Food Balances (2010-),76,Brazil,645,Food supply quantity (kg/capita/yr),S2542,Sugar (Raw Equivalent),2021,2021,kg/cap,34.36,E,Estimated value,
FBS,Food Balances (2010-),76,Brazil,645,Food supply quantity (kg/capita/yr),S2542,Sugar (Raw Equivalent),2022,2022,kg/cap,34.56,E,Estimated value,
FBS,Food Balances (2010-),76,Brazil,645,Food supply quantity (kg/capita/yr),S2542,Sugar (Raw Equivalent),2023,2023,kg/cap,34.59,E,Estimated value,
FBS,Food Balances (2010-),100,Bulgaria,645,Food supply quantity (kg/capita/yr),S2542,Sugar (Raw Equivalent),2019,2019,kg/cap,29.95,E,Estimated value,
FBS,Food Balances (2010-),100,Bulgaria,645,Food supply quantity (kg/capita/yr),S2542,Sugar (Raw Equivalent),2020,2020,kg/cap,28.29,E,Estimated value,
FBS,Food Balances (2010-),100,Bulgaria,645,Food supply quantity (kg/capita/yr),S2542,Sugar (Raw Equivalent),2021,2021,kg/cap,23.01,E,Estimated value,
FBS,Food Balances (2010-),100,Bulgaria,645,Food supply quantity (kg/capita/yr),S2542,Sugar (Raw Equivalent),2022,2022,kg/cap,28.86,E,Estimated value,
FBS,Food Balances (2010-),100,Bulgaria,645,Food supply quantity (kg/capita/yr),S2542,Sugar (Raw Equivalent),2023,2023,kg/cap,28.8,E,Estimated value,
FBS,Food Balances (2010-),854,Burkina Faso,645,Food supply quantity (kg/capita/yr),S2542,Sugar (Raw Equivalent),2019,2019,kg/cap,5.91,E,Estimated value,
FBS,Food Balances (2010-),854,Burkina Faso,645,Food supply quantity (kg/capita/yr),S2542,Sugar (Raw Equivalent),2020,2020,kg/cap,4.9,E,Estimated value,
FBS,Food Balances (2010-),854,Burkina Faso,645,Food supply quantity (kg/capita/yr),S2542,Sugar (Raw Equivalent),2021,2021,kg/cap,4.58,E,Estimated value,
FBS,Food Balances (2010-),854,Burkina Faso,645,Food supply quantity (kg/capita/yr),S2542,Sugar (Raw Equivalent),2022,2022,kg/cap,4.9,E,Estimated value,
FBS,Food Balances (2010-),854,Burkina Faso,645,Food supply quantity (kg/capita/yr),S2542,Sugar (Raw Equivalent),2023,2023,kg/cap,7.64,E,Estimated value,
FBS,Food Balances (2010-),132,Cabo Verde,645,Food supply quantity (kg/capita/yr),S2542,Sugar (Raw Equivalent),2019,2019,kg/cap,17.48,E,Estimated value,
FBS,Food Balances (2010-),132,Cabo Verde,645,Food supply quantity (kg/capita/yr),S2542,Sugar (Raw Equivalent),2020,2020,kg/cap,15.56,E,Estimated value,
FBS,Food Balances (2010-),132,Cabo Verde,645,Food supply quantity (kg/capita/yr),S2542,Sugar (Raw Equivalent),2021,2021,kg/cap,14.78,E,Estimated value,
FBS,Food Balances (2010-),132,Cabo Verde,645,Food supply quantity (kg/capita/yr),S2542,Sugar (Raw Equivalent),2022,2022,kg/cap,17.34,E,Estimated value,
FBS,Food Balances (2010-),132,Cabo Verde,645,Food supply quantity (kg/capita/yr),S2542,Sugar (Raw Equivalent),2023,2023,kg/cap,17.15,E,Estimated value,
FBS,Food Balances (2010-),116,Cambodia,645,Food supply quantity (kg/capita/yr),S2542,Sugar (Raw Equivalent),2019,2019,kg/cap,4.48,E,Estimated value,
FBS,Food Balances (2010-),116,Cambodia,645,Food supply quantity (kg/capita/yr),S2542,Sugar (Raw Equivalent),2020,2020,kg/cap,5.06,E,Estimated value,
FBS,Food Balances (2010-),116,Cambodia,645,Food supply quantity (kg/capita/yr),S2542,Sugar (Raw Equivalent),2021,2021,kg/cap,6.37,E,Estimated value,
FBS,Food Balances (2010-),116,Cambodia,645,Food supply quantity (kg/capita/yr),S2542,Sugar (Raw Equivalent),2022,2022,kg/cap,7.37,E,Estimated value,
FBS,Food Balances (2010-),116,Cambodia,645,Food supply quantity (kg/capita/yr),S2542,Sugar (Raw Equivalent),2023,2023,kg/cap,12.42,E,Estimated value,
FBS,Food Balances (2010-),120,Cameroon,645,Food supply quantity (kg/capita/yr),S2542,Sugar (Raw Equivalent),2019,2019,kg/cap,9.54,E,Estimated value,
FBS,Food Balances (2010-),120,Cameroon,645,Food supply quantity (kg/capita/yr),S2542,Sugar (Raw Equivalent),2020,2020,kg/cap,10.22,E,Estimated value,
FBS,Food Balances (2010-),120,Cameroon,645,Food supply quantity (kg/capita/yr),S2542,Sugar (Raw Equivalent),2021,2021,kg/cap,8.51,E,Estimated value,
FBS,Food Balances (2010-),120,Cameroon,645,Food supply quantity (kg/capita/yr),S2542,Sugar (Raw Equivalent),2022,2022,kg/cap,12.84,E,Estimated value,
FBS,Food Balances (2010-),120,Cameroon,645,Food supply quantity (kg/capita/yr),S2542,Sugar (Raw Equivalent),2023,2023,kg/cap,14.76,E,Estimated value,
FBS,Food Balances (2010-),124,Canada,645,Food supply quantity (kg/capita/yr),S2542,Sugar (Raw Equivalent),2019,2019,kg/cap,36.52,E,Estimated value,
FBS,Food Balances (2010-),124,Canada,645,Food supply quantity (kg/capita/yr),S2542,Sugar (Raw Equivalent),2020,2020,kg/cap,36.77,E,Estimated value,
FBS,Food Balances (2010-),124,Canada,645,Food supply quantity (kg/capita/yr),S2542,Sugar (Raw Equivalent),2021,2021,kg/cap,35.64,E,Estimated value,
FBS,Food Balances (2010-),124,Canada,645,Food supply quantity (kg/capita/yr),S2542,Sugar (Raw Equivalent),2022,2022,kg/cap,35.65,E,Estimated value,
FBS,Food Balances (2010-),124,Canada,645,Food supply quantity (kg/capita/yr),S2542,Sugar (Raw Equivalent),2023,2023,kg/cap,37.08,E,Estimated value,
FBS,Food Balances (2010-),152,Chile,645,Food supply quantity (kg/capita/yr),S2542,Sugar (Raw Equivalent),2019,2019,kg/cap,36.72,E,Estimated value,
FBS,Food Balances (2010-),152,Chile,645,Food supply quantity (kg/capita/yr),S2542,Sugar (Raw Equivalent),2020,2020,kg/cap,40.05,E,Estimated value,
FBS,Food Balances (2010-),152,Chile,645,Food supply quantity (kg/capita/yr),S2542,Sugar (Raw Equivalent),2021,2021,kg/cap,42.12,E,Estimated value,
FBS,Food Balances (2010-),152,Chile,645,Food supply quantity (kg/capita/yr),S2542,Sugar (Raw Equivalent),2022,2022,kg/cap,41.97,E,Estimated value,
FBS,Food Balances (2010-),152,Chile,645,Food supply quantity (kg/capita/yr),S2542,Sugar (Raw Equivalent),2023,2023,kg/cap,41.13,E,Estimated value,
FBS,Food Balances (2010-),159,China,645,Food supply quantity (kg/capita/yr),S2542,Sugar (Raw Equivalent),2019,2019,kg/cap,7.56,E,Estimated value,
FBS,Food Balances (2010-),159,China,645,Food supply quantity (kg/capita/yr),S2542,Sugar (Raw Equivalent),2020,2020,kg/cap,5.96,E,Estimated value,
FBS,Food Balances (2010-),159,China,645,Food supply quantity (kg/capita/yr),S2542,Sugar (Raw Equivalent),2021,2021,kg/cap,6.96,E,Estimated value,
FBS,Food Balances (2010-),159,China,645,Food supply quantity (kg/capita/yr),S2542,Sugar (Raw Equivalent),2022,2022,kg/cap,7.51,E,Estimated value,
FBS,Food Balances (2010-),159,China,645,Food supply quantity (kg/capita/yr),S2542,Sugar (Raw Equivalent),2023,2023,kg/cap,6.94,E,Estimated value,
FBS,Food Balances (2010-),344,"China, Hong Kong SAR",645,Food supply quantity (kg/capita/yr),S2542,Sugar (Raw Equivalent),2019,2019,kg/cap,26.53,E,Estimated value,
FBS,Food Balances (2010-),344,"China, Hong Kong SAR",645,Food supply quantity (kg/capita/yr),S2542,Sugar (Raw Equivalent),2020,2020,kg/cap,22.89,E,Estimated value,
FBS,Food Balances (2010-),344,"China, Hong Kong SAR",645,Food supply quantity (kg/capita/yr),S2542,Sugar (Raw Equivalent),2021,2021,kg/cap,20.27,E,Estimated value,
FBS,Food Balances (2010-),344,"China, Hong Kong SAR",645,Food supply quantity (kg/capita/yr),S2542,Sugar (Raw Equivalent),2022,2022,kg/cap,21.82,E,Estimated value,
FBS,Food Balances (2010-),344,"China, Hong Kong SAR",645,Food supply quantity (kg/capita/yr),S2542,Sugar (Raw Equivalent),2023,2023,kg/cap,22.78,E,Estimated value,
FBS,Food Balances (2010-),446,"China, Macao SAR",645,Food supply quantity (kg/capita/yr),S2542,Sugar (Raw Equivalent),2019,2019,kg/cap,17.81,E,Estimated value,
FBS,Food Balances (2010-),446,"China, Macao SAR",645,Food supply quantity (kg/capita/yr),S2542,Sugar (Raw Equivalent),2020,2020,kg/cap,17.15,E,Estimated value,
FBS,Food Balances (2010-),446,"China, Macao SAR",645,Food supply quantity (kg/capita/yr),S2542,Sugar (Raw Equivalent),2021,2021,kg/cap,15.65,E,Estimated value,
FBS,Food Balances (2010-),446,"China, Macao SAR",645,Food supply quantity (kg/capita/yr),S2542,Sugar (Raw Equivalent),2022,2022,kg/cap,14.74,E,Estimated value,
FBS,Food Balances (2010-),446,"China, Macao SAR",645,Food supply quantity (kg/capita/yr),S2542,Sugar (Raw Equivalent),2023,2023,kg/cap,13.22,E,Estimated value,
FBS,Food Balances (2010-),156,"China, mainland",645,Food supply quantity (kg/capita/yr),S2542,Sugar (Raw Equivalent),2019,2019,kg/cap,7.14,E,Estimated value,
FBS,Food Balances (2010-),156,"China, mainland",645,Food supply quantity (kg/capita/yr),S2542,Sugar (Raw Equivalent),2020,2020,kg/cap,5.55,E,Estimated value,
FBS,Food Balances (2010-),156,"China, mainland",645,Food supply quantity (kg/capita/yr),S2542,Sugar (Raw Equivalent),2021,2021,kg/cap,6.59,E,Estimated value,
FBS,Food Balances (2010-),156,"China, mainland",645,Food supply quantity (kg/capita/yr),S2542,Sugar (Raw Equivalent),2022,2022,kg/cap,7.13,E,Estimated value,
FBS,Food Balances (2010-),156,"China, mainland",645,Food supply quantity (kg/capita/yr),S2542,Sugar (Raw Equivalent),2023,2023,kg/cap,6.52,E,Estimated value,
FBS,Food Balances (2010-),158,"China, Taiwan Province of",645,Food supply quantity (kg/capita/yr),S2542,Sugar (Raw Equivalent),2019,2019,kg/cap,26.41,E,Estimated value,
FBS,Food Balances (2010-),158,"China, Taiwan Province of",645,Food supply quantity (kg/capita/yr),S2542,Sugar (Raw Equivalent),2020,2020,kg/cap,24.87,E,Estimated value,
FBS,Food Balances (2010-),158,"China, Taiwan Province of",645,Food supply quantity (kg/capita/yr),S2542,Sugar (Raw Equivalent),2021,2021,kg/cap,24.83,E,Estimated value,
FBS,Food Balances (2010-),158,"China, Taiwan Province of",645,Food supply quantity (kg/capita/yr),S2542,Sugar (Raw Equivalent),2022,2022,kg/cap,25.66,E,Estimated value,
FBS,Food Balances (2010-),158,"China, Taiwan Province of",645,Food supply quantity (kg/capita/yr),S2542,Sugar (Raw Equivalent),2023,2023,kg/cap,26.91,E,Estimated value,
FBS,Food Balances (2010-),170,Colombia,645,Food supply quantity (kg/capita/yr),S2542,Sugar (Raw Equivalent),2019,2019,kg/cap,31.76,E,Estimated value,
FBS,Food Balances (2010-),170,Colombia,645,Food supply quantity (kg/capita/yr),S2542,Sugar (Raw Equivalent),2020,2020,kg/cap,31.73,E,Estimated value,
FBS,Food Balances (2010-),170,Colombia,645,Food supply quantity (kg/capita/yr),S2542,Sugar (Raw Equivalent),2021,2021,kg/cap,32.01,E,Estimated value,
FBS,Food Balances (2010-),170,Colombia,645,Food supply quantity (kg/capita/yr),S2542,Sugar (Raw Equivalent),2022,2022,kg/cap,29.36,E,Estimated value,
FBS,Food Balances (2010-),170,Colombia,645,Food supply quantity (kg/capita/yr),S2542,Sugar (Raw Equivalent),2023,2023,kg/cap,29.56,E,Estimated value,
FBS,Food Balances (2010-),174,Comoros,645,Food supply quantity (kg/capita/yr),S2542,Sugar (Raw Equivalent),2019,2019,kg/cap,20.93,E,Estimated value,
FBS,Food Balances (2010-),174,Comoros,645,Food supply quantity (kg/capita/yr),S2542,Sugar (Raw Equivalent),2020,2020,kg/cap,13.26,E,Estimated value,
FBS,Food Balances (2010-),174,Comoros,645,Food supply quantity (kg/capita/yr),S2542,Sugar (Raw Equivalent),2021,2021,kg/cap,11.01,E,Estimated value,
FBS,Food Balances (2010-),174,Comoros,645,Food supply quantity (kg/capita/yr),S2542,Sugar (Raw Equivalent),2022,2022,kg/cap,12.16,E,Estimated value,
FBS,Food Balances (2010-),174,Comoros,645,Food supply quantity (kg/capita/yr),S2542,Sugar (Raw Equivalent),2023,2023,kg/cap,9.31,E,Estimated value,
FBS,Food Balances (2010-),178,Congo,645,Food supply quantity (kg/capita/yr),S2542,Sugar (Raw Equivalent),2019,2019,kg/cap,9.25,E,Estimated value,
FBS,Food Balances (2010-),178,Congo,645,Food supply quantity (kg/capita/yr),S2542,Sugar (Raw Equivalent),2020,2020,kg/cap,11.69,E,Estimated value,
FBS,Food Balances (2010-),178,Congo,645,Food supply quantity (kg/capita/yr),S2542,Sugar (Raw Equivalent),2021,2021,kg/cap,9.93,E,Estimated value,
FBS,Food Balances (2010-),178,Congo,645,Food supply quantity (kg/capita/yr),S2542,Sugar (Raw Equivalent),2022,2022,kg/cap,13.76,E,Estimated value,
FBS,Food Balances (2010-),178,Congo,645,Food supply quantity (kg/capita/yr),S2542,Sugar (Raw Equivalent),2023,2023,kg/cap,14.3,E,Estimated value,
FBS,Food Balances (2010-),188,Costa Rica,645,Food supply quantity (kg/capita/yr),S2542,Sugar (Raw Equivalent),2019,2019,kg/cap,45.98,E,Estimated value,
FBS,Food Balances (2010-),188,Costa Rica,645,Food supply quantity (kg/capita/yr),S2542,Sugar (Raw Equivalent),2020,2020,kg/cap,44.1,E,Estimated value,
FBS,Food Balances (2010-),188,Costa Rica,645,Food supply quantity (kg/capita/yr),S2542,Sugar (Raw Equivalent),2021,2021,kg/cap,41.67,E,Estimated value,
FBS,Food Balances (2010-),188,Costa Rica,645,Food supply quantity (kg/capita/yr),S2542,Sugar (Raw Equivalent),2022,2022,kg/cap,42.76,E,Estimated value,
FBS,Food Balances (2010-),188,Costa Rica,645,Food supply quantity (kg/capita/yr),S2542,Sugar (Raw Equivalent),2023,2023,kg/cap,42.83,E,Estimated value,
FBS,Food Balances (2010-),384,Côte d'Ivoire,645,Food supply quantity (kg/capita/yr),S2542,Sugar (Raw Equivalent),2019,2019,kg/cap,10.09,E,Estimated value,
FBS,Food Balances (2010-),384,Côte d'Ivoire,645,Food supply quantity (kg/capita/yr),S2542,Sugar (Raw Equivalent),2020,2020,kg/cap,9.03,E,Estimated value,
FBS,Food Balances (2010-),384,Côte d'Ivoire,645,Food supply quantity (kg/capita/yr),S2542,Sugar (Raw Equivalent),2021,2021,kg/cap,9.97,E,Estimated value,
FBS,Food Balances (2010-),384,Côte d'Ivoire,645,Food supply quantity (kg/capita/yr),S2542,Sugar (Raw Equivalent),2022,2022,kg/cap,10.78,E,Estimated value,
FBS,Food Balances (2010-),384,Côte d'Ivoire,645,Food supply quantity (kg/capita/yr),S2542,Sugar (Raw Equivalent),2023,2023,kg/cap,10.69,E,Estimated value,
FBS,Food Balances (2010-),191,Croatia,645,Food supply quantity (kg/capita/yr),S2542,Sugar (Raw Equivalent),2019,2019,kg/cap,33.28,E,Estimated value,
FBS,Food Balances (2010-),191,Croatia,645,Food supply quantity (kg/capita/yr),S2542,Sugar (Raw Equivalent),2020,2020,kg/cap,35.11,E,Estimated value,
FBS,Food Balances (2010-),191,Croatia,645,Food supply quantity (kg/capita/yr),S2542,Sugar (Raw Equivalent),2021,2021,kg/cap,29.71,E,Estimated value,
FBS,Food Balances (2010-),191,Croatia,645,Food supply quantity (kg/capita/yr),S2542,Sugar (Raw Equivalent),2022,2022,kg/cap,30,E,Estimated value,
FBS,Food Balances (2010-),191,Croatia,645,Food supply quantity (kg/capita/yr),S2542,Sugar (Raw Equivalent),2023,2023,kg/cap,30.76,E,Estimated value,
FBS,Food Balances (2010-),192,Cuba,645,Food supply quantity (kg/capita/yr),S2542,Sugar (Raw Equivalent),2019,2019,kg/cap,46.96,E,Estimated value,
FBS,Food Balances (2010-),196,Cyprus,645,Food supply quantity (kg/capita/yr),S2542,Sugar (Raw Equivalent),2019,2019,kg/cap,16.55,E,Estimated value,
FBS,Food Balances (2010-),196,Cyprus,645,Food supply quantity (kg/capita/yr),S2542,Sugar (Raw Equivalent),2020,2020,kg/cap,16.66,E,Estimated value,
FBS,Food Balances (2010-),196,Cyprus,645,Food supply quantity (kg/capita/yr),S2542,Sugar (Raw Equivalent),2021,2021,kg/cap,16.63,E,Estimated value,
FBS,Food Balances (2010-),196,Cyprus,645,Food supply quantity (kg/capita/yr),S2542,Sugar (Raw Equivalent),2022,2022,kg/cap,17.61,E,Estimated value,
FBS,Food Balances (2010-),196,Cyprus,645,Food supply quantity (kg/capita/yr),S2542,Sugar (Raw Equivalent),2023,2023,kg/cap,18.44,E,Estimated value,
FBS,Food Balances (2010-),203,Czechia,645,Food supply quantity (kg/capita/yr),S2542,Sugar (Raw Equivalent),2019,2019,kg/cap,30.34,E,Estimated value,
FBS,Food Balances (2010-),203,Czechia,645,Food supply quantity (kg/capita/yr),S2542,Sugar (Raw Equivalent),2020,2020,kg/cap,31.67,E,Estimated value,
FBS,Food Balances (2010-),203,Czechia,645,Food supply quantity (kg/capita/yr),S2542,Sugar (Raw Equivalent),2021,2021,kg/cap,31.32,E,Estimated value,
FBS,Food Balances (2010-),203,Czechia,645,Food supply quantity (kg/capita/yr),S2542,Sugar (Raw Equivalent),2022,2022,kg/cap,31.04,E,Estimated value,
FBS,Food Balances (2010-),203,Czechia,645,Food supply quantity (kg/capita/yr),S2542,Sugar (Raw Equivalent),2023,2023,kg/cap,31.58,E,Estimated value,
FBS,Food Balances (2010-),180,Democratic Republic of the Congo,645,Food supply quantity (kg/capita/yr),S2542,Sugar (Raw Equivalent),2019,2019,kg/cap,3.04,E,Estimated value,
FBS,Food Balances (2010-),180,Democratic Republic of the Congo,645,Food supply quantity (kg/capita/yr),S2542,Sugar (Raw Equivalent),2020,2020,kg/cap,3.13,E,Estimated value,
FBS,Food Balances (2010-),180,Democratic Republic of the Congo,645,Food supply quantity (kg/capita/yr),S2542,Sugar (Raw Equivalent),2021,2021,kg/cap,2.79,E,Estimated value,
FBS,Food Balances (2010-),180,Democratic Republic of the Congo,645,Food supply quantity (kg/capita/yr),S2542,Sugar (Raw Equivalent),2022,2022,kg/cap,2.73,E,Estimated value,
FBS,Food Balances (2010-),180,Democratic Republic of the Congo,645,Food supply quantity (kg/capita/yr),S2542,Sugar (Raw Equivalent),2023,2023,kg/cap,3.12,E,Estimated value,
FBS,Food Balances (2010-),208,Denmark,645,Food supply quantity (kg/capita/yr),S2542,Sugar (Raw Equivalent),2019,2019,kg/cap,41.38,E,Estimated value,
FBS,Food Balances (2010-),208,Denmark,645,Food supply quantity (kg/capita/yr),S2542,Sugar (Raw Equivalent),2020,2020,kg/cap,39.21,E,Estimated value,
FBS,Food Balances (2010-),208,Denmark,645,Food supply quantity (kg/capita/yr),S2542,Sugar (Raw Equivalent),2021,2021,kg/cap,38.71,E,Estimated value,
FBS,Food Balances (2010-),208,Denmark,645,Food supply quantity (kg/capita/yr),S2542,Sugar (Raw Equivalent),2022,2022,kg/cap,39.92,E,Estimated value,
FBS,Food Balances (2010-),208,Denmark,645,Food supply quantity (kg/capita/yr),S2542,Sugar (Raw Equivalent),2023,2023,kg/cap,39.55,E,Estimated value,
FBS,Food Balances (2010-),262,Djibouti,645,Food supply quantity (kg/capita/yr),S2542,Sugar (Raw Equivalent),2019,2019,kg/cap,38.68,E,Estimated value,
FBS,Food Balances (2010-),262,Djibouti,645,Food supply quantity (kg/capita/yr),S2542,Sugar (Raw Equivalent),2020,2020,kg/cap,35.72,E,Estimated value,
FBS,Food Balances (2010-),262,Djibouti,645,Food supply quantity (kg/capita/yr),S2542,Sugar (Raw Equivalent),2021,2021,kg/cap,34.58,E,Estimated value,
FBS,Food Balances (2010-),262,Djibouti,645,Food supply quantity (kg/capita/yr),S2542,Sugar (Raw Equivalent),2022,2022,kg/cap,33.46,E,Estimated value,
FBS,Food Balances (2010-),262,Djibouti,645,Food supply quantity (kg/capita/yr),S2542,Sugar (Raw Equivalent),2023,2023,kg/cap,31.34,E,Estimated value,
FBS,Food Balances (2010-),214,Dominican Republic,645,Food supply quantity (kg/capita/yr),S2542,Sugar (Raw Equivalent),2019,2019,kg/cap,39.05,E,Estimated value,
FBS,Food Balances (2010-),214,Dominican Republic,645,Food supply quantity (kg/capita/yr),S2542,Sugar (Raw Equivalent),2020,2020,kg/cap,38.37,E,Estimated value,
FBS,Food Balances (2010-),214,Dominican Republic,645,Food supply quantity (kg/capita/yr),S2542,Sugar (Raw Equivalent),2021,2021,kg/cap,39.11,E,Estimated value,
FBS,Food Balances (2010-),214,Dominican Republic,645,Food supply quantity (kg/capita/yr),S2542,Sugar (Raw Equivalent),2022,2022,kg/cap,39.92,E,Estimated value,
FBS,Food Balances (2010-),214,Dominican Republic,645,Food supply quantity (kg/capita/yr),S2542,Sugar (Raw Equivalent),2023,2023,kg/cap,38.01,E,Estimated value,
FBS,Food Balances (2010-),218,Ecuador,645,Food supply quantity (kg/capita/yr),S2542,Sugar (Raw Equivalent),2019,2019,kg/cap,18.68,E,Estimated value,
FBS,Food Balances (2010-),218,Ecuador,645,Food supply quantity (kg/capita/yr),S2542,Sugar (Raw Equivalent),2020,2020,kg/cap,18.76,E,Estimated value,
FBS,Food Balances (2010-),218,Ecuador,645,Food supply quantity (kg/capita/yr),S2542,Sugar (Raw Equivalent),2021,2021,kg/cap,21.41,E,Estimated value,
FBS,Food Balances (2010-),218,Ecuador,645,Food supply quantity (kg/capita/yr),S2542,Sugar (Raw Equivalent),2022,2022,kg/cap,21.84,E,Estimated value,
FBS,Food Balances (2010-),218,Ecuador,645,Food supply quantity (kg/capita/yr),S2542,Sugar (Raw Equivalent),2023,2023,kg/cap,23.56,E,Estimated value,
FBS,Food Balances (2010-),818,Egypt,645,Food supply quantity (kg/capita/yr),S2542,Sugar (Raw Equivalent),2019,2019,kg/cap,25.3,E,Estimated value,
FBS,Food Balances (2010-),818,Egypt,645,Food supply quantity (kg/capita/yr),S2542,Sugar (Raw Equivalent),2020,2020,kg/cap,22.47,E,Estimated value,
FBS,Food Balances (2010-),818,Egypt,645,Food supply quantity (kg/capita/yr),S2542,Sugar (Raw Equivalent),2021,2021,kg/cap,23.83,E,Estimated value,
FBS,Food Balances (2010-),818,Egypt,645,Food supply quantity (kg/capita/yr),S2542,Sugar (Raw Equivalent),2022,2022,kg/cap,21.21,E,Estimated value,
FBS,Food Balances (2010-),818,Egypt,645,Food supply quantity (kg/capita/yr),S2542,Sugar (Raw Equivalent),2023,2023,kg/cap,20.48,E,Estimated value,
FBS,Food Balances (2010-),222,El Salvador,645,Food supply quantity (kg/capita/yr),S2542,Sugar (Raw Equivalent),2019,2019,kg/cap,33.39,E,Estimated value,
FBS,Food Balances (2010-),222,El Salvador,645,Food supply quantity (kg/capita/yr),S2542,Sugar (Raw Equivalent),2020,2020,kg/cap,31.81,E,Estimated value,
FBS,Food Balances (2010-),222,El Salvador,645,Food supply quantity (kg/capita/yr),S2542,Sugar (Raw Equivalent),2021,2021,kg/cap,30.45,E,Estimated value,
FBS,Food Balances (2010-),222,El Salvador,645,Food supply quantity (kg/capita/yr),S2542,Sugar (Raw Equivalent),2022,2022,kg/cap,31,E,Estimated value,
FBS,Food Balances (2010-),222,El Salvador,645,Food supply quantity (kg/capita/yr),S2542,Sugar (Raw Equivalent),2023,2023,kg/cap,30.15,E,Estimated value,
FBS,Food Balances (2010-),233,Estonia,645,Food supply quantity (kg/capita/yr),S2542,Sugar (Raw Equivalent),2019,2019,kg/cap,20.14,E,Estimated value,
FBS,Food Balances (2010-),233,Estonia,645,Food supply quantity (kg/capita/yr),S2542,Sugar (Raw Equivalent),2020,2020,kg/cap,19.92,E,Estimated value,
FBS,Food Balances (2010-),233,Estonia,645,Food supply quantity (kg/capita/yr),S2542,Sugar (Raw Equivalent),2021,2021,kg/cap,19.08,E,Estimated value,
FBS,Food Balances (2010-),233,Estonia,645,Food supply quantity (kg/capita/yr),S2542,Sugar (Raw Equivalent),2022,2022,kg/cap,20.11,E,Estimated value,
FBS,Food Balances (2010-),233,Estonia,645,Food supply quantity (kg/capita/yr),S2542,Sugar (Raw Equivalent),2023,2023,kg/cap,22.7,E,Estimated value,
FBS,Food Balances (2010-),748,Eswatini,645,Food supply quantity (kg/capita/yr),S2542,Sugar (Raw Equivalent),2019,2019,kg/cap,25.83,E,Estimated value,
FBS,Food Balances (2010-),748,Eswatini,645,Food supply quantity (kg/capita/yr),S2542,Sugar (Raw Equivalent),2020,2020,kg/cap,20.66,E,Estimated value,
FBS,Food Balances (2010-),748,Eswatini,645,Food supply quantity (kg/capita/yr),S2542,Sugar (Raw Equivalent),2021,2021,kg/cap,20.89,E,Estimated value,
FBS,Food Balances (2010-),748,Eswatini,645,Food supply quantity (kg/capita/yr),S2542,Sugar (Raw Equivalent),2022,2022,kg/cap,24.85,E,Estimated value,
FBS,Food Balances (2010-),748,Eswatini,645,Food supply quantity (kg/capita/yr),S2542,Sugar (Raw Equivalent),2023,2023,kg/cap,21.13,E,Estimated value,
FBS,Food Balances (2010-),231,Ethiopia,645,Food supply quantity (kg/capita/yr),S2542,Sugar (Raw Equivalent),2019,2019,kg/cap,6.24,E,Estimated value,
FBS,Food Balances (2010-),231,Ethiopia,645,Food supply quantity (kg/capita/yr),S2542,Sugar (Raw Equivalent),2020,2020,kg/cap,7.36,E,Estimated value,
FBS,Food Balances (2010-),231,Ethiopia,645,Food supply quantity (kg/capita/yr),S2542,Sugar (Raw Equivalent),2021,2021,kg/cap,8.07,E,Estimated value,
FBS,Food Balances (2010-),231,Ethiopia,645,Food supply quantity (kg/capita/yr),S2542,Sugar (Raw Equivalent),2022,2022,kg/cap,8.69,E,Estimated value,
FBS,Food Balances (2010-),231,Ethiopia,645,Food supply quantity (kg/capita/yr),S2542,Sugar (Raw Equivalent),2023,2023,kg/cap,8.34,E,Estimated value,
FBS,Food Balances (2010-),242,Fiji,645,Food supply quantity (kg/capita/yr),S2542,Sugar (Raw Equivalent),2019,2019,kg/cap,29.33,E,Estimated value,
FBS,Food Balances (2010-),242,Fiji,645,Food supply quantity (kg/capita/yr),S2542,Sugar (Raw Equivalent),2020,2020,kg/cap,32.18,E,Estimated value,
FBS,Food Balances (2010-),242,Fiji,645,Food supply quantity (kg/capita/yr),S2542,Sugar (Raw Equivalent),2021,2021,kg/cap,29.83,E,Estimated value,
FBS,Food Balances (2010-),242,Fiji,645,Food supply quantity (kg/capita/yr),S2542,Sugar (Raw Equivalent),2022,2022,kg/cap,30.9,E,Estimated value,
FBS,Food Balances (2010-),242,Fiji,645,Food supply quantity (kg/capita/yr),S2542,Sugar (Raw Equivalent),2023,2023,kg/cap,23.75,E,Estimated value,
FBS,Food Balances (2010-),246,Finland,645,Food supply quantity (kg/capita/yr),S2542,Sugar (Raw Equivalent),2019,2019,kg/cap,32.79,E,Estimated value,
FBS,Food Balances (2010-),246,Finland,645,Food supply quantity (kg/capita/yr),S2542,Sugar (Raw Equivalent),2020,2020,kg/cap,29.96,E,Estimated value,
FBS,Food Balances (2010-),246,Finland,645,Food supply quantity (kg/capita/yr),S2542,Sugar (Raw Equivalent),2021,2021,kg/cap,29.53,E,Estimated value,
FBS,Food Balances (2010-),246,Finland,645,Food supply quantity (kg/capita/yr),S2542,Sugar (Raw Equivalent),2022,2022,kg/cap,29.22,E,Estimated value,
FBS,Food Balances (2010-),246,Finland,645,Food supply quantity (kg/capita/yr),S2542,Sugar (Raw Equivalent),2023,2023,kg/cap,29.01,E,Estimated value,
FBS,Food Balances (2010-),250,France,645,Food supply quantity (kg/capita/yr),S2542,Sugar (Raw Equivalent),2019,2019,kg/cap,31.11,E,Estimated value,
FBS,Food Balances (2010-),250,France,645,Food supply quantity (kg/capita/yr),S2542,Sugar (Raw Equivalent),2020,2020,kg/cap,32.71,E,Estimated value,
FBS,Food Balances (2010-),250,France,645,Food supply quantity (kg/capita/yr),S2542,Sugar (Raw Equivalent),2021,2021,kg/cap,35.05,E,Estimated value,
FBS,Food Balances (2010-),250,France,645,Food supply quantity (kg/capita/yr),S2542,Sugar (Raw Equivalent),2022,2022,kg/cap,37.02,E,Estimated value,
FBS,Food Balances (2010-),250,France,645,Food supply quantity (kg/capita/yr),S2542,Sugar (Raw Equivalent),2023,2023,kg/cap,33.03,E,Estimated value,
FBS,Food Balances (2010-),258,French Polynesia,645,Food supply quantity (kg/capita/yr),S2542,Sugar (Raw Equivalent),2019,2019,kg/cap,21.16,E,Estimated value,
FBS,Food Balances (2010-),258,French Polynesia,645,Food supply quantity (kg/capita/yr),S2542,Sugar (Raw Equivalent),2020,2020,kg/cap,22.34,E,Estimated value,
FBS,Food Balances (2010-),258,French Polynesia,645,Food supply quantity (kg/capita/yr),S2542,Sugar (Raw Equivalent),2021,2021,kg/cap,22.34,E,Estimated value,
FBS,Food Balances (2010-),258,French Polynesia,645,Food supply quantity (kg/capita/yr),S2542,Sugar (Raw Equivalent),2022,2022,kg/cap,22.73,E,Estimated value,
FBS,Food Balances (2010-),258,French Polynesia,645,Food supply quantity (kg/capita/yr),S2542,Sugar (Raw Equivalent),2023,2023,kg/cap,23.73,E,Estimated value,
FBS,Food Balances (2010-),266,Gabon,645,Food supply quantity (kg/capita/yr),S2542,Sugar (Raw Equivalent),2019,2019,kg/cap,19.32,E,Estimated value,
FBS,Food Balances (2010-),266,Gabon,645,Food supply quantity (kg/capita/yr),S2542,Sugar (Raw Equivalent),2020,2020,kg/cap,12.94,E,Estimated value,
FBS,Food Balances (2010-),266,Gabon,645,Food supply quantity (kg/capita/yr),S2542,Sugar (Raw Equivalent),2021,2021,kg/cap,19.47,E,Estimated value,
FBS,Food Balances (2010-),266,Gabon,645,Food supply quantity (kg/capita/yr),S2542,Sugar (Raw Equivalent),2022,2022,kg/cap,13.23,E,Estimated value,
FBS,Food Balances (2010-),266,Gabon,645,Food supply quantity (kg/capita/yr),S2542,Sugar (Raw Equivalent),2023,2023,kg/cap,15.41,E,Estimated value,
FBS,Food Balances (2010-),270,Gambia,645,Food supply quantity (kg/capita/yr),S2542,Sugar (Raw Equivalent),2019,2019,kg/cap,47.45,E,Estimated value,
FBS,Food Balances (2010-),270,Gambia,645,Food supply quantity (kg/capita/yr),S2542,Sugar (Raw Equivalent),2020,2020,kg/cap,48.47,E,Estimated value,
FBS,Food Balances (2010-),270,Gambia,645,Food supply quantity (kg/capita/yr),S2542,Sugar (Raw Equivalent),2021,2021,kg/cap,46.94,E,Estimated value,
FBS,Food Balances (2010-),270,Gambia,645,Food supply quantity (kg/capita/yr),S2542,Sugar (Raw Equivalent),2022,2022,kg/cap,46.87,E,Estimated value,
FBS,Food Balances (2010-),270,Gambia,645,Food supply quantity (kg/capita/yr),S2542,Sugar (Raw Equivalent),2023,2023,kg/cap,45.59,E,Estimated value,
FBS,Food Balances (2010-),268,Georgia,645,Food supply quantity (kg/capita/yr),S2542,Sugar (Raw Equivalent),2019,2019,kg/cap,45.74,E,Estimated value,
FBS,Food Balances (2010-),268,Georgia,645,Food supply quantity (kg/capita/yr),S2542,Sugar (Raw Equivalent),2020,2020,kg/cap,37.87,E,Estimated value,
FBS,Food Balances (2010-),268,Georgia,645,Food supply quantity (kg/capita/yr),S2542,Sugar (Raw Equivalent),2021,2021,kg/cap,35.75,E,Estimated value,
FBS,Food Balances (2010-),268,Georgia,645,Food supply quantity (kg/capita/yr),S2542,Sugar (Raw Equivalent),2022,2022,kg/cap,36.19,E,Estimated value,
FBS,Food Balances (2010-),268,Georgia,645,Food supply quantity (kg/capita/yr),S2542,Sugar (Raw Equivalent),2023,2023,kg/cap,35.64,E,Estimated value,
FBS,Food Balances (2010-),276,Germany,645,Food supply quantity (kg/capita/yr),S2542,Sugar (Raw Equivalent),2019,2019,kg/cap,35.68,E,Estimated value,
FBS,Food Balances (2010-),276,Germany,645,Food supply quantity (kg/capita/yr),S2542,Sugar (Raw Equivalent),2020,2020,kg/cap,35.15,E,Estimated value,
FBS,Food Balances (2010-),276,Germany,645,Food supply quantity (kg/capita/yr),S2542,Sugar (Raw Equivalent),2021,2021,kg/cap,37.47,E,Estimated value,
FBS,Food Balances (2010-),276,Germany,645,Food supply quantity (kg/capita/yr),S2542,Sugar (Raw Equivalent),2022,2022,kg/cap,36.43,E,Estimated value,
FBS,Food Balances (2010-),276,Germany,645,Food supply quantity (kg/capita/yr),S2542,Sugar (Raw Equivalent),2023,2023,kg/cap,32.6,E,Estimated value,
FBS,Food Balances (2010-),288,Ghana,645,Food supply quantity (kg/capita/yr),S2542,Sugar (Raw Equivalent),2019,2019,kg/cap,14.59,E,Estimated value,
FBS,Food Balances (2010-),288,Ghana,645,Food supply quantity (kg/capita/yr),S2542,Sugar (Raw Equivalent),2020,2020,kg/cap,11.81,E,Estimated value,
FBS,Food Balances (2010-),288,Ghana,645,Food supply quantity (kg/capita/yr),S2542,Sugar (Raw Equivalent),2021,2021,kg/cap,11.96,E,Estimated value,
FBS,Food Balances (2010-),288,Ghana,645,Food supply quantity (kg/capita/yr),S2542,Sugar (Raw Equivalent),2022,2022,kg/cap,11.67,E,Estimated value,
FBS,Food Balances (2010-),288,Ghana,645,Food supply quantity (kg/capita/yr),S2542,Sugar (Raw Equivalent),2023,2023,kg/cap,10.43,E,Estimated value,
FBS,Food Balances (2010-),300,Greece,645,Food supply quantity (kg/capita/yr),S2542,Sugar (Raw Equivalent),2019,2019,kg/cap,26.29,E,Estimated value,
FBS,Food Balances (2010-),300,Greece,645,Food supply quantity (kg/capita/yr),S2542,Sugar (Raw Equivalent),2020,2020,kg/cap,29.94,E,Estimated value,
FBS,Food Balances (2010-),300,Greece,645,Food supply quantity (kg/capita/yr),S2542,Sugar (Raw Equivalent),2021,2021,kg/cap,31.17,E,Estimated value,
FBS,Food Balances (2010-),300,Greece,645,Food supply quantity (kg/capita/yr),S2542,Sugar (Raw Equivalent),2022,2022,kg/cap,32.14,E,Estimated value,
FBS,Food Balances (2010-),300,Greece,645,Food supply quantity (kg/capita/yr),S2542,Sugar (Raw Equivalent),2023,2023,kg/cap,30.06,E,Estimated value,
FBS,Food Balances (2010-),308,Grenada,645,Food supply quantity (kg/capita/yr),S2542,Sugar (Raw Equivalent),2019,2019,kg/cap,28.77,E,Estimated value,
FBS,Food Balances (2010-),308,Grenada,645,Food supply quantity (kg/capita/yr),S2542,Sugar (Raw Equivalent),2020,2020,kg/cap,29.6,E,Estimated value,
FBS,Food Balances (2010-),308,Grenada,645,Food supply quantity (kg/capita/yr),S2542,Sugar (Raw Equivalent),2021,2021,kg/cap,30.64,E,Estimated value,
FBS,Food Balances (2010-),308,Grenada,645,Food supply quantity (kg/capita/yr),S2542,Sugar (Raw Equivalent),2022,2022,kg/cap,32.02,E,Estimated value,
FBS,Food Balances (2010-),308,Grenada,645,Food supply quantity (kg/capita/yr),S2542,Sugar (Raw Equivalent),2023,2023,kg/cap,32.32,E,Estimated value,
FBS,Food Balances (2010-),320,Guatemala,645,Food supply quantity (kg/capita/yr),S2542,Sugar (Raw Equivalent),2019,2019,kg/cap,44.29,E,Estimated value,
FBS,Food Balances (2010-),320,Guatemala,645,Food supply quantity (kg/capita/yr),S2542,Sugar (Raw Equivalent),2020,2020,kg/cap,51.9,E,Estimated value,
FBS,Food Balances (2010-),320,Guatemala,645,Food supply quantity (kg/capita/yr),S2542,Sugar (Raw Equivalent),2021,2021,kg/cap,52.63,E,Estimated value,
FBS,Food Balances (2010-),320,Guatemala,645,Food supply quantity (kg/capita/yr),S2542,Sugar (Raw Equivalent),2022,2022,kg/cap,45.16,E,Estimated value,
FBS,Food Balances (2010-),320,Guatemala,645,Food supply quantity (kg/capita/yr),S2542,Sugar (Raw Equivalent),2023,2023,kg/cap,51.44,E,Estimated value,
FBS,Food Balances (2010-),324,Guinea,645,Food supply quantity (kg/capita/yr),S2542,Sugar (Raw Equivalent),2019,2019,kg/cap,12.34,E,Estimated value,
FBS,Food Balances (2010-),324,Guinea,645,Food supply quantity (kg/capita/yr),S2542,Sugar (Raw Equivalent),2020,2020,kg/cap,16.34,E,Estimated value,
FBS,Food Balances (2010-),324,Guinea,645,Food supply quantity (kg/capita/yr),S2542,Sugar (Raw Equivalent),2021,2021,kg/cap,18.5,E,Estimated value,
FBS,Food Balances (2010-),324,Guinea,645,Food supply quantity (kg/capita/yr),S2542,Sugar (Raw Equivalent),2022,2022,kg/cap,17.88,E,Estimated value,
FBS,Food Balances (2010-),324,Guinea,645,Food supply quantity (kg/capita/yr),S2542,Sugar (Raw Equivalent),2023,2023,kg/cap,19.28,E,Estimated value,
FBS,Food Balances (2010-),624,Guinea-Bissau,645,Food supply quantity (kg/capita/yr),S2542,Sugar (Raw Equivalent),2019,2019,kg/cap,4.75,E,Estimated value,
FBS,Food Balances (2010-),624,Guinea-Bissau,645,Food supply quantity (kg/capita/yr),S2542,Sugar (Raw Equivalent),2020,2020,kg/cap,4.73,E,Estimated value,
FBS,Food Balances (2010-),624,Guinea-Bissau,645,Food supply quantity (kg/capita/yr),S2542,Sugar (Raw Equivalent),2021,2021,kg/cap,2.29,E,Estimated value,
FBS,Food Balances (2010-),624,Guinea-Bissau,645,Food supply quantity (kg/capita/yr),S2542,Sugar (Raw Equivalent),2022,2022,kg/cap,0.92,E,Estimated value,
FBS,Food Balances (2010-),624,Guinea-Bissau,645,Food supply quantity (kg/capita/yr),S2542,Sugar (Raw Equivalent),2023,2023,kg/cap,1.07,E,Estimated value,
FBS,Food Balances (2010-),328,Guyana,645,Food supply quantity (kg/capita/yr),S2542,Sugar (Raw Equivalent),2019,2019,kg/cap,24.74,E,Estimated value,
FBS,Food Balances (2010-),328,Guyana,645,Food supply quantity (kg/capita/yr),S2542,Sugar (Raw Equivalent),2020,2020,kg/cap,25.95,E,Estimated value,
FBS,Food Balances (2010-),328,Guyana,645,Food supply quantity (kg/capita/yr),S2542,Sugar (Raw Equivalent),2021,2021,kg/cap,26.93,E,Estimated value,
FBS,Food Balances (2010-),328,Guyana,645,Food supply quantity (kg/capita/yr),S2542,Sugar (Raw Equivalent),2022,2022,kg/cap,28.28,E,Estimated value,
FBS,Food Balances (2010-),328,Guyana,645,Food supply quantity (kg/capita/yr),S2542,Sugar (Raw Equivalent),2023,2023,kg/cap,29.7,E,Estimated value,
FBS,Food Balances (2010-),332,Haiti,645,Food supply quantity (kg/capita/yr),S2542,Sugar (Raw Equivalent),2019,2019,kg/cap,22.01,E,Estimated value,
FBS,Food Balances (2010-),332,Haiti,645,Food supply quantity (kg/capita/yr),S2542,Sugar (Raw Equivalent),2020,2020,kg/cap,22.72,E,Estimated value,
FBS,Food Balances (2010-),332,Haiti,645,Food supply quantity (kg/capita/yr),S2542,Sugar (Raw Equivalent),2021,2021,kg/cap,22.75,E,Estimated value,
FBS,Food Balances (2010-),332,Haiti,645,Food supply quantity (kg/capita/yr),S2542,Sugar (Raw Equivalent),2022,2022,kg/cap,19.96,E,Estimated value,
FBS,Food Balances (2010-),332,Haiti,645,Food supply quantity (kg/capita/yr),S2542,Sugar (Raw Equivalent),2023,2023,kg/cap,19.62,E,Estimated value,
FBS,Food Balances (2010-),340,Honduras,645,Food supply quantity (kg/capita/yr),S2542,Sugar (Raw Equivalent),2019,2019,kg/cap,38.82,E,Estimated value,
FBS,Food Balances (2010-),340,Honduras,645,Food supply quantity (kg/capita/yr),S2542,Sugar (Raw Equivalent),2020,2020,kg/cap,33.33,E,Estimated value,
FBS,Food Balances (2010-),340,Honduras,645,Food supply quantity (kg/capita/yr),S2542,Sugar (Raw Equivalent),2021,2021,kg/cap,33.09,E,Estimated value,
FBS,Food Balances (2010-),340,Honduras,645,Food supply quantity (kg/capita/yr),S2542,Sugar (Raw Equivalent),2022,2022,kg/cap,32.75,E,Estimated value,
FBS,Food Balances (2010-),340,Honduras,645,Food supply quantity (kg/capita/yr),S2542,Sugar (Raw Equivalent),2023,2023,kg/cap,36.19,E,Estimated value,
FBS,Food Balances (2010-),348,Hungary,645,Food supply quantity (kg/capita/yr),S2542,Sugar (Raw Equivalent),2019,2019,kg/cap,25.91,E,Estimated value,
FBS,Food Balances (2010-),348,Hungary,645,Food supply quantity (kg/capita/yr),S2542,Sugar (Raw Equivalent),2020,2020,kg/cap,28.71,E,Estimated value,
FBS,Food Balances (2010-),348,Hungary,645,Food supply quantity (kg/capita/yr),S2542,Sugar (Raw Equivalent),2021,2021,kg/cap,27.09,E,Estimated value,
FBS,Food Balances (2010-),348,Hungary,645,Food supply quantity (kg/capita/yr),S2542,Sugar (Raw Equivalent),2022,2022,kg/cap,30.18,E,Estimated value,
FBS,Food Balances (2010-),348,Hungary,645,Food supply quantity (kg/capita/yr),S2542,Sugar (Raw Equivalent),2023,2023,kg/cap,35.04,E,Estimated value,
FBS,Food Balances (2010-),352,Iceland,645,Food supply quantity (kg/capita/yr),S2542,Sugar (Raw Equivalent),2019,2019,kg/cap,30.64,E,Estimated value,
FBS,Food Balances (2010-),352,Iceland,645,Food supply quantity (kg/capita/yr),S2542,Sugar (Raw Equivalent),2020,2020,kg/cap,26.72,E,Estimated value,
FBS,Food Balances (2010-),352,Iceland,645,Food supply quantity (kg/capita/yr),S2542,Sugar (Raw Equivalent),2021,2021,kg/cap,25.57,E,Estimated value,
FBS,Food Balances (2010-),352,Iceland,645,Food supply quantity (kg/capita/yr),S2542,Sugar (Raw Equivalent),2022,2022,kg/cap,24.64,E,Estimated value,
FBS,Food Balances (2010-),352,Iceland,645,Food supply quantity (kg/capita/yr),S2542,Sugar (Raw Equivalent),2023,2023,kg/cap,24.24,E,Estimated value,
FBS,Food Balances (2010-),356,India,645,Food supply quantity (kg/capita/yr),S2542,Sugar (Raw Equivalent),2019,2019,kg/cap,20.41,E,Estimated value,
FBS,Food Balances (2010-),356,India,645,Food supply quantity (kg/capita/yr),S2542,Sugar (Raw Equivalent),2020,2020,kg/cap,17.68,E,Estimated value,
FBS,Food Balances (2010-),356,India,645,Food supply quantity (kg/capita/yr),S2542,Sugar (Raw Equivalent),2021,2021,kg/cap,17.31,E,Estimated value,
FBS,Food Balances (2010-),356,India,645,Food supply quantity (kg/capita/yr),S2542,Sugar (Raw Equivalent),2022,2022,kg/cap,17.34,E,Estimated value,
FBS,Food Balances (2010-),356,India,645,Food supply quantity (kg/capita/yr),S2542,Sugar (Raw Equivalent),2023,2023,kg/cap,17.31,E,Estimated value,
FBS,Food Balances (2010-),360,Indonesia,645,Food supply quantity (kg/capita/yr),S2542,Sugar (Raw Equivalent),2019,2019,kg/cap,24.69,E,Estimated value,
FBS,Food Balances (2010-),360,Indonesia,645,Food supply quantity (kg/capita/yr),S2542,Sugar (Raw Equivalent),2020,2020,kg/cap,26.08,E,Estimated value,
FBS,Food Balances (2010-),360,Indonesia,645,Food supply quantity (kg/capita/yr),S2542,Sugar (Raw Equivalent),2021,2021,kg/cap,25.59,E,Estimated value,
FBS,Food Balances (2010-),360,Indonesia,645,Food supply quantity (kg/capita/yr),S2542,Sugar (Raw Equivalent),2022,2022,kg/cap,26.08,E,Estimated value,
FBS,Food Balances (2010-),360,Indonesia,645,Food supply quantity (kg/capita/yr),S2542,Sugar (Raw Equivalent),2023,2023,kg/cap,26.06,E,Estimated value,
FBS,Food Balances (2010-),364,Iran (Islamic Republic of),645,Food supply quantity (kg/capita/yr),S2542,Sugar (Raw Equivalent),2019,2019,kg/cap,29.35,E,Estimated value,
FBS,Food Balances (2010-),364,Iran (Islamic Republic of),645,Food supply quantity (kg/capita/yr),S2542,Sugar (Raw Equivalent),2020,2020,kg/cap,27.4,E,Estimated value,
FBS,Food Balances (2010-),364,Iran (Islamic Republic of),645,Food supply quantity (kg/capita/yr),S2542,Sugar (Raw Equivalent),2021,2021,kg/cap,26.42,E,Estimated value,
FBS,Food Balances (2010-),364,Iran (Islamic Republic of),645,Food supply quantity (kg/capita/yr),S2542,Sugar (Raw Equivalent),2022,2022,kg/cap,27.33,E,Estimated value,
FBS,Food Balances (2010-),364,Iran (Islamic Republic of),645,Food supply quantity (kg/capita/yr),S2542,Sugar (Raw Equivalent),2023,2023,kg/cap,26.72,E,Estimated value,
FBS,Food Balances (2010-),368,Iraq,645,Food supply quantity (kg/capita/yr),S2542,Sugar (Raw Equivalent),2019,2019,kg/cap,19.87,E,Estimated value,
FBS,Food Balances (2010-),368,Iraq,645,Food supply quantity (kg/capita/yr),S2542,Sugar (Raw Equivalent),2020,2020,kg/cap,20.22,E,Estimated value,
FBS,Food Balances (2010-),368,Iraq,645,Food supply quantity (kg/capita/yr),S2542,Sugar (Raw Equivalent),2021,2021,kg/cap,21.14,E,Estimated value,
FBS,Food Balances (2010-),368,Iraq,645,Food supply quantity (kg/capita/yr),S2542,Sugar (Raw Equivalent),2022,2022,kg/cap,24.97,E,Estimated value,
FBS,Food Balances (2010-),368,Iraq,645,Food supply quantity (kg/capita/yr),S2542,Sugar (Raw Equivalent),2023,2023,kg/cap,25.4,E,Estimated value,
FBS,Food Balances (2010-),372,Ireland,645,Food supply quantity (kg/capita/yr),S2542,Sugar (Raw Equivalent),2019,2019,kg/cap,32.17,E,Estimated value,
FBS,Food Balances (2010-),372,Ireland,645,Food supply quantity (kg/capita/yr),S2542,Sugar (Raw Equivalent),2020,2020,kg/cap,31.5,E,Estimated value,
FBS,Food Balances (2010-),372,Ireland,645,Food supply quantity (kg/capita/yr),S2542,Sugar (Raw Equivalent),2021,2021,kg/cap,31.61,E,Estimated value,
FBS,Food Balances (2010-),372,Ireland,645,Food supply quantity (kg/capita/yr),S2542,Sugar (Raw Equivalent),2022,2022,kg/cap,29.11,E,Estimated value,
FBS,Food Balances (2010-),372,Ireland,645,Food supply quantity (kg/capita/yr),S2542,Sugar (Raw Equivalent),2023,2023,kg/cap,30.91,E,Estimated value,
FBS,Food Balances (2010-),376,Israel,645,Food supply quantity (kg/capita/yr),S2542,Sugar (Raw Equivalent),2019,2019,kg/cap,33.18,E,Estimated value,
FBS,Food Balances (2010-),376,Israel,645,Food supply quantity (kg/capita/yr),S2542,Sugar (Raw Equivalent),2020,2020,kg/cap,32.31,E,Estimated value,
FBS,Food Balances (2010-),376,Israel,645,Food supply quantity (kg/capita/yr),S2542,Sugar (Raw Equivalent),2021,2021,kg/cap,32.6,E,Estimated value,
FBS,Food Balances (2010-),376,Israel,645,Food supply quantity (kg/capita/yr),S2542,Sugar (Raw Equivalent),2022,2022,kg/cap,32.31,E,Estimated value,
FBS,Food Balances (2010-),376,Israel,645,Food supply quantity (kg/capita/yr),S2542,Sugar (Raw Equivalent),2023,2023,kg/cap,38.3,E,Estimated value,
FBS,Food Balances (2010-),380,Italy,645,Food supply quantity (kg/capita/yr),S2542,Sugar (Raw Equivalent),2019,2019,kg/cap,32.14,E,Estimated value,
FBS,Food Balances (2010-),380,Italy,645,Food supply quantity (kg/capita/yr),S2542,Sugar (Raw Equivalent),2020,2020,kg/cap,31.39,E,Estimated value,
FBS,Food Balances (2010-),380,Italy,645,Food supply quantity (kg/capita/yr),S2542,Sugar (Raw Equivalent),2021,2021,kg/cap,31.89,E,Estimated value,
FBS,Food Balances (2010-),380,Italy,645,Food supply quantity (kg/capita/yr),S2542,Sugar (Raw Equivalent),2022,2022,kg/cap,34.74,E,Estimated value,
FBS,Food Balances (2010-),380,Italy,645,Food supply quantity (kg/capita/yr),S2542,Sugar (Raw Equivalent),2023,2023,kg/cap,35.46,E,Estimated value,
FBS,Food Balances (2010-),388,Jamaica,645,Food supply quantity (kg/capita/yr),S2542,Sugar (Raw Equivalent),2019,2019,kg/cap,45.19,E,Estimated value,
FBS,Food Balances (2010-),388,Jamaica,645,Food supply quantity (kg/capita/yr),S2542,Sugar (Raw Equivalent),2020,2020,kg/cap,43.54,E,Estimated value,
FBS,Food Balances (2010-),388,Jamaica,645,Food supply quantity (kg/capita/yr),S2542,Sugar (Raw Equivalent),2021,2021,kg/cap,39.91,E,Estimated value,
FBS,Food Balances (2010-),388,Jamaica,645,Food supply quantity (kg/capita/yr),S2542,Sugar (Raw Equivalent),2022,2022,kg/cap,38.6,E,Estimated value,
FBS,Food Balances (2010-),388,Jamaica,645,Food supply quantity (kg/capita/yr),S2542,Sugar (Raw Equivalent),2023,2023,kg/cap,37.78,E,Estimated value,
FBS,Food Balances (2010-),400,Jordan,645,Food supply quantity (kg/capita/yr),S2542,Sugar (Raw Equivalent),2019,2019,kg/cap,33.33,E,Estimated value,
FBS,Food Balances (2010-),400,Jordan,645,Food supply quantity (kg/capita/yr),S2542,Sugar (Raw Equivalent),2020,2020,kg/cap,34.25,E,Estimated value,
FBS,Food Balances (2010-),400,Jordan,645,Food supply quantity (kg/capita/yr),S2542,Sugar (Raw Equivalent),2021,2021,kg/cap,32.42,E,Estimated value,
FBS,Food Balances (2010-),400,Jordan,645,Food supply quantity (kg/capita/yr),S2542,Sugar (Raw Equivalent),2022,2022,kg/cap,30.69,E,Estimated value,
FBS,Food Balances (2010-),400,Jordan,645,Food supply quantity (kg/capita/yr),S2542,Sugar (Raw Equivalent),2023,2023,kg/cap,30.9,E,Estimated value,
FBS,Food Balances (2010-),398,Kazakhstan,645,Food supply quantity (kg/capita/yr),S2542,Sugar (Raw Equivalent),2019,2019,kg/cap,24.9,E,Estimated value,
FBS,Food Balances (2010-),398,Kazakhstan,645,Food supply quantity (kg/capita/yr),S2542,Sugar (Raw Equivalent),2020,2020,kg/cap,24.59,E,Estimated value,
FBS,Food Balances (2010-),398,Kazakhstan,645,Food supply quantity (kg/capita/yr),S2542,Sugar (Raw Equivalent),2021,2021,kg/cap,27.56,E,Estimated value,
FBS,Food Balances (2010-),398,Kazakhstan,645,Food supply quantity (kg/capita/yr),S2542,Sugar (Raw Equivalent),2022,2022,kg/cap,31.44,E,Estimated value,
FBS,Food Balances (2010-),398,Kazakhstan,645,Food supply quantity (kg/capita/yr),S2542,Sugar (Raw Equivalent),2023,2023,kg/cap,25.58,E,Estimated value,
FBS,Food Balances (2010-),404,Kenya,645,Food supply quantity (kg/capita/yr),S2542,Sugar (Raw Equivalent),2019,2019,kg/cap,19.61,E,Estimated value,
FBS,Food Balances (2010-),404,Kenya,645,Food supply quantity (kg/capita/yr),S2542,Sugar (Raw Equivalent),2020,2020,kg/cap,20.77,E,Estimated value,
FBS,Food Balances (2010-),404,Kenya,645,Food supply quantity (kg/capita/yr),S2542,Sugar (Raw Equivalent),2021,2021,kg/cap,21.14,E,Estimated value,
FBS,Food Balances (2010-),404,Kenya,645,Food supply quantity (kg/capita/yr),S2542,Sugar (Raw Equivalent),2022,2022,kg/cap,21.21,E,Estimated value,
FBS,Food Balances (2010-),404,Kenya,645,Food supply quantity (kg/capita/yr),S2542,Sugar (Raw Equivalent),2023,2023,kg/cap,20.01,E,Estimated value,
FBS,Food Balances (2010-),296,Kiribati,645,Food supply quantity (kg/capita/yr),S2542,Sugar (Raw Equivalent),2019,2019,kg/cap,42.81,E,Estimated value,
FBS,Food Balances (2010-),296,Kiribati,645,Food supply quantity (kg/capita/yr),S2542,Sugar (Raw Equivalent),2020,2020,kg/cap,43.33,E,Estimated value,
FBS,Food Balances (2010-),296,Kiribati,645,Food supply quantity (kg/capita/yr),S2542,Sugar (Raw Equivalent),2021,2021,kg/cap,42.29,E,Estimated value,
FBS,Food Balances (2010-),296,Kiribati,645,Food supply quantity (kg/capita/yr),S2542,Sugar (Raw Equivalent),2022,2022,kg/cap,36.6,E,Estimated value,
FBS,Food Balances (2010-),296,Kiribati,645,Food supply quantity (kg/capita/yr),S2542,Sugar (Raw Equivalent),2023,2023,kg/cap,40.94,E,Estimated value,
FBS,Food Balances (2010-),414,Kuwait,645,Food supply quantity (kg/capita/yr),S2542,Sugar (Raw Equivalent),2019,2019,kg/cap,33.24,E,Estimated value,
FBS,Food Balances (2010-),414,Kuwait,645,Food supply quantity (kg/capita/yr),S2542,Sugar (Raw Equivalent),2020,2020,kg/cap,29.75,E,Estimated value,
FBS,Food Balances (2010-),414,Kuwait,645,Food supply quantity (kg/capita/yr),S2542,Sugar (Raw Equivalent),2021,2021,kg/cap,27.08,E,Estimated value,
FBS,Food Balances (2010-),414,Kuwait,645,Food supply quantity (kg/capita/yr),S2542,Sugar (Raw Equivalent),2022,2022,kg/cap,23.71,E,Estimated value,
FBS,Food Balances (2010-),414,Kuwait,645,Food supply quantity (kg/capita/yr),S2542,Sugar (Raw Equivalent),2023,2023,kg/cap,24.23,E,Estimated value,
FBS,Food Balances (2010-),417,Kyrgyzstan,645,Food supply quantity (kg/capita/yr),S2542,Sugar (Raw Equivalent),2019,2019,kg/cap,14.11,E,Estimated value,
FBS,Food Balances (2010-),417,Kyrgyzstan,645,Food supply quantity (kg/capita/yr),S2542,Sugar (Raw Equivalent),2020,2020,kg/cap,12.98,E,Estimated value,
FBS,Food Balances (2010-),417,Kyrgyzstan,645,Food supply quantity (kg/capita/yr),S2542,Sugar (Raw Equivalent),2021,2021,kg/cap,15.36,E,Estimated value,
FBS,Food Balances (2010-),417,Kyrgyzstan,645,Food supply quantity (kg/capita/yr),S2542,Sugar (Raw Equivalent),2022,2022,kg/cap,14.18,E,Estimated value,
FBS,Food Balances (2010-),417,Kyrgyzstan,645,Food supply quantity (kg/capita/yr),S2542,Sugar (Raw Equivalent),2023,2023,kg/cap,15.41,E,Estimated value,
FBS,Food Balances (2010-),418,Lao People's Democratic Republic,645,Food supply quantity (kg/capita/yr),S2542,Sugar (Raw Equivalent),2019,2019,kg/cap,8.91,E,Estimated value,
FBS,Food Balances (2010-),418,Lao People's Democratic Republic,645,Food supply quantity (kg/capita/yr),S2542,Sugar (Raw Equivalent),2020,2020,kg/cap,9.06,E,Estimated value,
FBS,Food Balances (2010-),418,Lao People's Democratic Republic,645,Food supply quantity (kg/capita/yr),S2542,Sugar (Raw Equivalent),2021,2021,kg/cap,9.95,E,Estimated value,
FBS,Food Balances (2010-),418,Lao People's Democratic Republic,645,Food supply quantity (kg/capita/yr),S2542,Sugar (Raw Equivalent),2022,2022,kg/cap,12.39,E,Estimated value,
FBS,Food Balances (2010-),418,Lao People's Democratic Republic,645,Food supply quantity (kg/capita/yr),S2542,Sugar (Raw Equivalent),2023,2023,kg/cap,11.82,E,Estimated value,
FBS,Food Balances (2010-),428,Latvia,645,Food supply quantity (kg/capita/yr),S2542,Sugar (Raw Equivalent),2019,2019,kg/cap,26.38,E,Estimated value,
FBS,Food Balances (2010-),428,Latvia,645,Food supply quantity (kg/capita/yr),S2542,Sugar (Raw Equivalent),2020,2020,kg/cap,27.37,E,Estimated value,
FBS,Food Balances (2010-),428,Latvia,645,Food supply quantity (kg/capita/yr),S2542,Sugar (Raw Equivalent),2021,2021,kg/cap,29.01,E,Estimated value,
FBS,Food Balances (2010-),428,Latvia,645,Food supply quantity (kg/capita/yr),S2542,Sugar (Raw Equivalent),2022,2022,kg/cap,31.4,E,Estimated value,
FBS,Food Balances (2010-),428,Latvia,645,Food supply quantity (kg/capita/yr),S2542,Sugar (Raw Equivalent),2023,2023,kg/cap,27.63,E,Estimated value,
FBS,Food Balances (2010-),422,Lebanon,645,Food supply quantity (kg/capita/yr),S2542,Sugar (Raw Equivalent),2019,2019,kg/cap,34.33,E,Estimated value,
FBS,Food Balances (2010-),422,Lebanon,645,Food supply quantity (kg/capita/yr),S2542,Sugar (Raw Equivalent),2020,2020,kg/cap,36.03,E,Estimated value,
FBS,Food Balances (2010-),422,Lebanon,645,Food supply quantity (kg/capita/yr),S2542,Sugar (Raw Equivalent),2021,2021,kg/cap,39.5,E,Estimated value,
FBS,Food Balances (2010-),422,Lebanon,645,Food supply quantity (kg/capita/yr),S2542,Sugar (Raw Equivalent),2022,2022,kg/cap,38.95,E,Estimated value,
FBS,Food Balances (2010-),422,Lebanon,645,Food supply quantity (kg/capita/yr),S2542,Sugar (Raw Equivalent),2023,2023,kg/cap,39.65,E,Estimated value,
FBS,Food Balances (2010-),426,Lesotho,645,Food supply quantity (kg/capita/yr),S2542,Sugar (Raw Equivalent),2019,2019,kg/cap,9.52,E,Estimated value,
FBS,Food Balances (2010-),426,Lesotho,645,Food supply quantity (kg/capita/yr),S2542,Sugar (Raw Equivalent),2020,2020,kg/cap,9.06,E,Estimated value,
FBS,Food Balances (2010-),426,Lesotho,645,Food supply quantity (kg/capita/yr),S2542,Sugar (Raw Equivalent),2021,2021,kg/cap,7.36,E,Estimated value,
FBS,Food Balances (2010-),426,Lesotho,645,Food supply quantity (kg/capita/yr),S2542,Sugar (Raw Equivalent),2022,2022,kg/cap,8.24,E,Estimated value,
FBS,Food Balances (2010-),426,Lesotho,645,Food supply quantity (kg/capita/yr),S2542,Sugar (Raw Equivalent),2023,2023,kg/cap,8.37,E,Estimated value,
FBS,Food Balances (2010-),430,Liberia,645,Food supply quantity (kg/capita/yr),S2542,Sugar (Raw Equivalent),2019,2019,kg/cap,6.13,E,Estimated value,
FBS,Food Balances (2010-),430,Liberia,645,Food supply quantity (kg/capita/yr),S2542,Sugar (Raw Equivalent),2020,2020,kg/cap,6.61,E,Estimated value,
FBS,Food Balances (2010-),430,Liberia,645,Food supply quantity (kg/capita/yr),S2542,Sugar (Raw Equivalent),2021,2021,kg/cap,6.94,E,Estimated value,
FBS,Food Balances (2010-),430,Liberia,645,Food supply quantity (kg/capita/yr),S2542,Sugar (Raw Equivalent),2022,2022,kg/cap,5.68,E,Estimated value,
FBS,Food Balances (2010-),430,Liberia,645,Food supply quantity (kg/capita/yr),S2542,Sugar (Raw Equivalent),2023,2023,kg/cap,5.3,E,Estimated value,
FBS,Food Balances (2010-),434,Libya,645,Food supply quantity (kg/capita/yr),S2542,Sugar (Raw Equivalent),2019,2019,kg/cap,31.52,E,Estimated value,
FBS,Food Balances (2010-),434,Libya,645,Food supply quantity (kg/capita/yr),S2542,Sugar (Raw Equivalent),2020,2020,kg/cap,29.72,E,Estimated value,
FBS,Food Balances (2010-),434,Libya,645,Food supply quantity (kg/capita/yr),S2542,Sugar (Raw Equivalent),2021,2021,kg/cap,25.57,E,Estimated value,
FBS,Food Balances (2010-),434,Libya,645,Food supply quantity (kg/capita/yr),S2542,Sugar (Raw Equivalent),2022,2022,kg/cap,29.56,E,Estimated value,
FBS,Food Balances (2010-),434,Libya,645,Food supply quantity (kg/capita/yr),S2542,Sugar (Raw Equivalent),2023,2023,kg/cap,31.53,E,Estimated value,
FBS,Food Balances (2010-),440,Lithuania,645,Food supply quantity (kg/capita/yr),S2542,Sugar (Raw Equivalent),2019,2019,kg/cap,30.12,E,Estimated value,
FBS,Food Balances (2010-),440,Lithuania,645,Food supply quantity (kg/capita/yr),S2542,Sugar (Raw Equivalent),2020,2020,kg/cap,28.47,E,Estimated value,
FBS,Food Balances (2010-),440,Lithuania,645,Food supply quantity (kg/capita/yr),S2542,Sugar (Raw Equivalent),2021,2021,kg/cap,26.41,E,Estimated value,
FBS,Food Balances (2010-),440,Lithuania,645,Food supply quantity (kg/capita/yr),S2542,Sugar (Raw Equivalent),2022,2022,kg/cap,27.67,E,Estimated value,
FBS,Food Balances (2010-),440,Lithuania,645,Food supply quantity (kg/capita/yr),S2542,Sugar (Raw Equivalent),2023,2023,kg/cap,30.9,E,Estimated value,
FBS,Food Balances (2010-),442,Luxembourg,645,Food supply quantity (kg/capita/yr),S2542,Sugar (Raw Equivalent),2019,2019,kg/cap,11.38,E,Estimated value,
FBS,Food Balances (2010-),442,Luxembourg,645,Food supply quantity (kg/capita/yr),S2542,Sugar (Raw Equivalent),2020,2020,kg/cap,10.99,E,Estimated value,
FBS,Food Balances (2010-),442,Luxembourg,645,Food supply quantity (kg/capita/yr),S2542,Sugar (Raw Equivalent),2021,2021,kg/cap,11.26,E,Estimated value,
FBS,Food Balances (2010-),442,Luxembourg,645,Food supply quantity (kg/capita/yr),S2542,Sugar (Raw Equivalent),2022,2022,kg/cap,11.4,E,Estimated value,
FBS,Food Balances (2010-),442,Luxembourg,645,Food supply quantity (kg/capita/yr),S2542,Sugar (Raw Equivalent),2023,2023,kg/cap,11.08,E,Estimated value,
FBS,Food Balances (2010-),450,Madagascar,645,Food supply quantity (kg/capita/yr),S2542,Sugar (Raw Equivalent),2019,2019,kg/cap,7.52,E,Estimated value,
FBS,Food Balances (2010-),450,Madagascar,645,Food supply quantity (kg/capita/yr),S2542,Sugar (Raw Equivalent),2020,2020,kg/cap,9.09,E,Estimated value,
FBS,Food Balances (2010-),450,Madagascar,645,Food supply quantity (kg/capita/yr),S2542,Sugar (Raw Equivalent),2021,2021,kg/cap,9.12,E,Estimated value,
FBS,Food Balances (2010-),450,Madagascar,645,Food supply quantity (kg/capita/yr),S2542,Sugar (Raw Equivalent),2022,2022,kg/cap,7.3,E,Estimated value,
FBS,Food Balances (2010-),450,Madagascar,645,Food supply quantity (kg/capita/yr),S2542,Sugar (Raw Equivalent),2023,2023,kg/cap,7.15,E,Estimated value,
FBS,Food Balances (2010-),454,Malawi,645,Food supply quantity (kg/capita/yr),S2542,Sugar (Raw Equivalent),2019,2019,kg/cap,4.67,E,Estimated value,
FBS,Food Balances (2010-),454,Malawi,645,Food supply quantity (kg/capita/yr),S2542,Sugar (Raw Equivalent),2020,2020,kg/cap,6.34,E,Estimated value,
FBS,Food Balances (2010-),454,Malawi,645,Food supply quantity (kg/capita/yr),S2542,Sugar (Raw Equivalent),2021,2021,kg/cap,9.93,E,Estimated value,
FBS,Food Balances (2010-),454,Malawi,645,Food supply quantity (kg/capita/yr),S2542,Sugar (Raw Equivalent),2022,2022,kg/cap,10.7,E,Estimated value,
FBS,Food Balances (2010-),454,Malawi,645,Food supply quantity (kg/capita/yr),S2542,Sugar (Raw Equivalent),2023,2023,kg/cap,9.69,E,Estimated value,
FBS,Food Balances (2010-),458,Malaysia,645,Food supply quantity (kg/capita/yr),S2542,Sugar (Raw Equivalent),2019,2019,kg/cap,42,E,Estimated value,
FBS,Food Balances (2010-),458,Malaysia,645,Food supply quantity (kg/capita/yr),S2542,Sugar (Raw Equivalent),2020,2020,kg/cap,41.62,E,Estimated value,
FBS,Food Balances (2010-),458,Malaysia,645,Food supply quantity (kg/capita/yr),S2542,Sugar (Raw Equivalent),2021,2021,kg/cap,40.83,E,Estimated value,
FBS,Food Balances (2010-),458,Malaysia,645,Food supply quantity (kg/capita/yr),S2542,Sugar (Raw Equivalent),2022,2022,kg/cap,39.92,E,Estimated value,
FBS,Food Balances (2010-),458,Malaysia,645,Food supply quantity (kg/capita/yr),S2542,Sugar (Raw Equivalent),2023,2023,kg/cap,40.59,E,Estimated value,
FBS,Food Balances (2010-),462,Maldives,645,Food supply quantity (kg/capita/yr),S2542,Sugar (Raw Equivalent),2019,2019,kg/cap,26.31,E,Estimated value,
FBS,Food Balances (2010-),462,Maldives,645,Food supply quantity (kg/capita/yr),S2542,Sugar (Raw Equivalent),2020,2020,kg/cap,23.73,E,Estimated value,
FBS,Food Balances (2010-),462,Maldives,645,Food supply quantity (kg/capita/yr),S2542,Sugar (Raw Equivalent),2021,2021,kg/cap,23.18,E,Estimated value,
FBS,Food Balances (2010-),462,Maldives,645,Food supply quantity (kg/capita/yr),S2542,Sugar (Raw Equivalent),2022,2022,kg/cap,21.23,E,Estimated value,
FBS,Food Balances (2010-),462,Maldives,645,Food supply quantity (kg/capita/yr),S2542,Sugar (Raw Equivalent),2023,2023,kg/cap,23.76,E,Estimated value,
FBS,Food Balances (2010-),470,Malta,645,Food supply quantity (kg/capita/yr),S2542,Sugar (Raw Equivalent),2019,2019,kg/cap,42.09,E,Estimated value,
FBS,Food Balances (2010-),470,Malta,645,Food supply quantity (kg/capita/yr),S2542,Sugar (Raw Equivalent),2020,2020,kg/cap,40.5,E,Estimated value,
FBS,Food Balances (2010-),470,Malta,645,Food supply quantity (kg/capita/yr),S2542,Sugar (Raw Equivalent),2021,2021,kg/cap,39.33,E,Estimated value,
FBS,Food Balances (2010-),470,Malta,645,Food supply quantity (kg/capita/yr),S2542,Sugar (Raw Equivalent),2022,2022,kg/cap,39.77,E,Estimated value,
FBS,Food Balances (2010-),470,Malta,645,Food supply quantity (kg/capita/yr),S2542,Sugar (Raw Equivalent),2023,2023,kg/cap,35.46,E,Estimated value,
FBS,Food Balances (2010-),584,Marshall Islands,645,Food supply quantity (kg/capita/yr),S2542,Sugar (Raw Equivalent),2019,2019,kg/cap,11.29,E,Estimated value,
FBS,Food Balances (2010-),584,Marshall Islands,645,Food supply quantity (kg/capita/yr),S2542,Sugar (Raw Equivalent),2020,2020,kg/cap,15.65,E,Estimated value,
FBS,Food Balances (2010-),584,Marshall Islands,645,Food supply quantity (kg/capita/yr),S2542,Sugar (Raw Equivalent),2021,2021,kg/cap,9.37,E,Estimated value,
FBS,Food Balances (2010-),584,Marshall Islands,645,Food supply quantity (kg/capita/yr),S2542,Sugar (Raw Equivalent),2022,2022,kg/cap,18.86,E,Estimated value,
FBS,Food Balances (2010-),584,Marshall Islands,645,Food supply quantity (kg/capita/yr),S2542,Sugar (Raw Equivalent),2023,2023,kg/cap,17.55,E,Estimated value,
FBS,Food Balances (2010-),478,Mauritania,645,Food supply quantity (kg/capita/yr),S2542,Sugar (Raw Equivalent),2019,2019,kg/cap,38.36,E,Estimated value,
FBS,Food Balances (2010-),478,Mauritania,645,Food supply quantity (kg/capita/yr),S2542,Sugar (Raw Equivalent),2020,2020,kg/cap,38.72,E,Estimated value,
FBS,Food Balances (2010-),478,Mauritania,645,Food supply quantity (kg/capita/yr),S2542,Sugar (Raw Equivalent),2021,2021,kg/cap,41.17,E,Estimated value,
FBS,Food Balances (2010-),478,Mauritania,645,Food supply quantity (kg/capita/yr),S2542,Sugar (Raw Equivalent),2022,2022,kg/cap,41.16,E,Estimated value,
FBS,Food Balances (2010-),478,Mauritania,645,Food supply quantity (kg/capita/yr),S2542,Sugar (Raw Equivalent),2023,2023,kg/cap,37.48,E,Estimated value,
FBS,Food Balances (2010-),480,Mauritius,645,Food supply quantity (kg/capita/yr),S2542,Sugar (Raw Equivalent),2019,2019,kg/cap,32.95,E,Estimated value,
FBS,Food Balances (2010-),480,Mauritius,645,Food supply quantity (kg/capita/yr),S2542,Sugar (Raw Equivalent),2020,2020,kg/cap,32.08,E,Estimated value,
FBS,Food Balances (2010-),480,Mauritius,645,Food supply quantity (kg/capita/yr),S2542,Sugar (Raw Equivalent),2021,2021,kg/cap,31.94,E,Estimated value,
FBS,Food Balances (2010-),480,Mauritius,645,Food supply quantity (kg/capita/yr),S2542,Sugar (Raw Equivalent),2022,2022,kg/cap,28.01,E,Estimated value,
FBS,Food Balances (2010-),480,Mauritius,645,Food supply quantity (kg/capita/yr),S2542,Sugar (Raw Equivalent),2023,2023,kg/cap,29.72,E,Estimated value,
FBS,Food Balances (2010-),484,Mexico,645,Food supply quantity (kg/capita/yr),S2542,Sugar (Raw Equivalent),2019,2019,kg/cap,34.76,E,Estimated value,
FBS,Food Balances (2010-),484,Mexico,645,Food supply quantity (kg/capita/yr),S2542,Sugar (Raw Equivalent),2020,2020,kg/cap,34.79,E,Estimated value,
FBS,Food Balances (2010-),484,Mexico,645,Food supply quantity (kg/capita/yr),S2542,Sugar (Raw Equivalent),2021,2021,kg/cap,34.31,E,Estimated value,
FBS,Food Balances (2010-),484,Mexico,645,Food supply quantity (kg/capita/yr),S2542,Sugar (Raw Equivalent),2022,2022,kg/cap,33.99,E,Estimated value,
FBS,Food Balances (2010-),484,Mexico,645,Food supply quantity (kg/capita/yr),S2542,Sugar (Raw Equivalent),2023,2023,kg/cap,35.4,E,Estimated value,
FBS,Food Balances (2010-),583,Micronesia (Federated States of),645,Food supply quantity (kg/capita/yr),S2542,Sugar (Raw Equivalent),2019,2019,kg/cap,21.35,E,Estimated value,
FBS,Food Balances (2010-),583,Micronesia (Federated States of),645,Food supply quantity (kg/capita/yr),S2542,Sugar (Raw Equivalent),2020,2020,kg/cap,23.3,E,Estimated value,
FBS,Food Balances (2010-),583,Micronesia (Federated States of),645,Food supply quantity (kg/capita/yr),S2542,Sugar (Raw Equivalent),2021,2021,kg/cap,20.81,E,Estimated value,
FBS,Food Balances (2010-),583,Micronesia (Federated States of),645,Food supply quantity (kg/capita/yr),S2542,Sugar (Raw Equivalent),2022,2022,kg/cap,20.7,E,Estimated value,
FBS,Food Balances (2010-),583,Micronesia (Federated States of),645,Food supply quantity (kg/capita/yr),S2542,Sugar (Raw Equivalent),2023,2023,kg/cap,21.3,E,Estimated value,
FBS,Food Balances (2010-),496,Mongolia,645,Food supply quantity (kg/capita/yr),S2542,Sugar (Raw Equivalent),2019,2019,kg/cap,8.82,E,Estimated value,
FBS,Food Balances (2010-),496,Mongolia,645,Food supply quantity (kg/capita/yr),S2542,Sugar (Raw Equivalent),2020,2020,kg/cap,8.78,E,Estimated value,
FBS,Food Balances (2010-),496,Mongolia,645,Food supply quantity (kg/capita/yr),S2542,Sugar (Raw Equivalent),2021,2021,kg/cap,8.97,E,Estimated value,
FBS,Food Balances (2010-),496,Mongolia,645,Food supply quantity (kg/capita/yr),S2542,Sugar (Raw Equivalent),2022,2022,kg/cap,8.53,E,Estimated value,
FBS,Food Balances (2010-),496,Mongolia,645,Food supply quantity (kg/capita/yr),S2542,Sugar (Raw Equivalent),2023,2023,kg/cap,10.24,E,Estimated value,
FBS,Food Balances (2010-),499,Montenegro,645,Food supply quantity (kg/capita/yr),S2542,Sugar (Raw Equivalent),2019,2019,kg/cap,20.91,E,Estimated value,
FBS,Food Balances (2010-),499,Montenegro,645,Food supply quantity (kg/capita/yr),S2542,Sugar (Raw Equivalent),2020,2020,kg/cap,20.6,E,Estimated value,
FBS,Food Balances (2010-),499,Montenegro,645,Food supply quantity (kg/capita/yr),S2542,Sugar (Raw Equivalent),2021,2021,kg/cap,20.82,E,Estimated value,
FBS,Food Balances (2010-),499,Montenegro,645,Food supply quantity (kg/capita/yr),S2542,Sugar (Raw Equivalent),2022,2022,kg/cap,19.21,E,Estimated value,
FBS,Food Balances (2010-),499,Montenegro,645,Food supply quantity (kg/capita/yr),S2542,Sugar (Raw Equivalent),2023,2023,kg/cap,17.1,E,Estimated value,
FBS,Food Balances (2010-),504,Morocco,645,Food supply quantity (kg/capita/yr),S2542,Sugar (Raw Equivalent),2019,2019,kg/cap,33.64,E,Estimated value,
FBS,Food Balances (2010-),504,Morocco,645,Food supply quantity (kg/capita/yr),S2542,Sugar (Raw Equivalent),2020,2020,kg/cap,33.5,E,Estimated value,
FBS,Food Balances (2010-),504,Morocco,645,Food supply quantity (kg/capita/yr),S2542,Sugar (Raw Equivalent),2021,2021,kg/cap,31.24,E,Estimated value,
FBS,Food Balances (2010-),504,Morocco,645,Food supply quantity (kg/capita/yr),S2542,Sugar (Raw Equivalent),2022,2022,kg/cap,31.8,E,Estimated value,
FBS,Food Balances (2010-),504,Morocco,645,Food supply quantity (kg/capita/yr),S2542,Sugar (Raw Equivalent),2023,2023,kg/cap,37.32,E,Estimated value,
FBS,Food Balances (2010-),508,Mozambique,645,Food supply quantity (kg/capita/yr),S2542,Sugar (Raw Equivalent),2019,2019,kg/cap,10.89,E,Estimated value,
FBS,Food Balances (2010-),508,Mozambique,645,Food supply quantity (kg/capita/yr),S2542,Sugar (Raw Equivalent),2020,2020,kg/cap,10.34,E,Estimated value,
FBS,Food Balances (2010-),508,Mozambique,645,Food supply quantity (kg/capita/yr),S2542,Sugar (Raw Equivalent),2021,2021,kg/cap,8.97,E,Estimated value,
FBS,Food Balances (2010-),508,Mozambique,645,Food supply quantity (kg/capita/yr),S2542,Sugar (Raw Equivalent),2022,2022,kg/cap,6,E,Estimated value,
FBS,Food Balances (2010-),508,Mozambique,645,Food supply quantity (kg/capita/yr),S2542,Sugar (Raw Equivalent),2023,2023,kg/cap,5.98,E,Estimated value,
FBS,Food Balances (2010-),104,Myanmar,645,Food supply quantity (kg/capita/yr),S2542,Sugar (Raw Equivalent),2019,2019,kg/cap,3.15,E,Estimated value,
FBS,Food Balances (2010-),104,Myanmar,645,Food supply quantity (kg/capita/yr),S2542,Sugar (Raw Equivalent),2020,2020,kg/cap,3.33,E,Estimated value,
FBS,Food Balances (2010-),104,Myanmar,645,Food supply quantity (kg/capita/yr),S2542,Sugar (Raw Equivalent),2021,2021,kg/cap,2.91,E,Estimated value,
FBS,Food Balances (2010-),104,Myanmar,645,Food supply quantity (kg/capita/yr),S2542,Sugar (Raw Equivalent),2022,2022,kg/cap,4.8,E,Estimated value,
FBS,Food Balances (2010-),104,Myanmar,645,Food supply quantity (kg/capita/yr),S2542,Sugar (Raw Equivalent),2023,2023,kg/cap,3.94,E,Estimated value,
FBS,Food Balances (2010-),516,Namibia,645,Food supply quantity (kg/capita/yr),S2542,Sugar (Raw Equivalent),2019,2019,kg/cap,23.66,E,Estimated value,
FBS,Food Balances (2010-),516,Namibia,645,Food supply quantity (kg/capita/yr),S2542,Sugar (Raw Equivalent),2020,2020,kg/cap,23.86,E,Estimated value,
FBS,Food Balances (2010-),516,Namibia,645,Food supply quantity (kg/capita/yr),S2542,Sugar (Raw Equivalent),2021,2021,kg/cap,24.19,E,Estimated value,
FBS,Food Balances (2010-),516,Namibia,645,Food supply quantity (kg/capita/yr),S2542,Sugar (Raw Equivalent),2022,2022,kg/cap,26.52,E,Estimated value,
FBS,Food Balances (2010-),516,Namibia,645,Food supply quantity (kg/capita/yr),S2542,Sugar (Raw Equivalent),2023,2023,kg/cap,28.31,E,Estimated value,
FBS,Food Balances (2010-),520,Naoero,645,Food supply quantity (kg/capita/yr),S2542,Sugar (Raw Equivalent),2019,2019,kg/cap,40.15,E,Estimated value,
FBS,Food Balances (2010-),520,Naoero,645,Food supply quantity (kg/capita/yr),S2542,Sugar (Raw Equivalent),2020,2020,kg/cap,41.06,E,Estimated value,
FBS,Food Balances (2010-),520,Naoero,645,Food supply quantity (kg/capita/yr),S2542,Sugar (Raw Equivalent),2021,2021,kg/cap,37.98,E,Estimated value,
FBS,Food Balances (2010-),520,Naoero,645,Food supply quantity (kg/capita/yr),S2542,Sugar (Raw Equivalent),2022,2022,kg/cap,38.84,E,Estimated value,
FBS,Food Balances (2010-),520,Naoero,645,Food supply quantity (kg/capita/yr),S2542,Sugar (Raw Equivalent),2023,2023,kg/cap,37.19,E,Estimated value,
FBS,Food Balances (2010-),524,Nepal,645,Food supply quantity (kg/capita/yr),S2542,Sugar (Raw Equivalent),2019,2019,kg/cap,7.36,E,Estimated value,
FBS,Food Balances (2010-),524,Nepal,645,Food supply quantity (kg/capita/yr),S2542,Sugar (Raw Equivalent),2020,2020,kg/cap,7.83,E,Estimated value,
FBS,Food Balances (2010-),524,Nepal,645,Food supply quantity (kg/capita/yr),S2542,Sugar (Raw Equivalent),2021,2021,kg/cap,8.7,E,Estimated value,
FBS,Food Balances (2010-),524,Nepal,645,Food supply quantity (kg/capita/yr),S2542,Sugar (Raw Equivalent),2022,2022,kg/cap,6.73,E,Estimated value,
FBS,Food Balances (2010-),524,Nepal,645,Food supply quantity (kg/capita/yr),S2542,Sugar (Raw Equivalent),2023,2023,kg/cap,6.67,E,Estimated value,
FBS,Food Balances (2010-),528,Netherlands (Kingdom of the),645,Food supply quantity (kg/capita/yr),S2542,Sugar (Raw Equivalent),2019,2019,kg/cap,38.82,E,Estimated value,
FBS,Food Balances (2010-),528,Netherlands (Kingdom of the),645,Food supply quantity (kg/capita/yr),S2542,Sugar (Raw Equivalent),2020,2020,kg/cap,37.11,E,Estimated value,
FBS,Food Balances (2010-),528,Netherlands (Kingdom of the),645,Food supply quantity (kg/capita/yr),S2542,Sugar (Raw Equivalent),2021,2021,kg/cap,36.25,E,Estimated value,
FBS,Food Balances (2010-),528,Netherlands (Kingdom of the),645,Food supply quantity (kg/capita/yr),S2542,Sugar (Raw Equivalent),2022,2022,kg/cap,37.75,E,Estimated value,
FBS,Food Balances (2010-),528,Netherlands (Kingdom of the),645,Food supply quantity (kg/capita/yr),S2542,Sugar (Raw Equivalent),2023,2023,kg/cap,37.45,E,Estimated value,
FBS,Food Balances (2010-),540,New Caledonia,645,Food supply quantity (kg/capita/yr),S2542,Sugar (Raw Equivalent),2019,2019,kg/cap,25.78,E,Estimated value,
FBS,Food Balances (2010-),540,New Caledonia,645,Food supply quantity (kg/capita/yr),S2542,Sugar (Raw Equivalent),2020,2020,kg/cap,25.1,E,Estimated value,
FBS,Food Balances (2010-),540,New Caledonia,645,Food supply quantity (kg/capita/yr),S2542,Sugar (Raw Equivalent),2021,2021,kg/cap,24.29,E,Estimated value,
FBS,Food Balances (2010-),540,New Caledonia,645,Food supply quantity (kg/capita/yr),S2542,Sugar (Raw Equivalent),2022,2022,kg/cap,24.49,E,Estimated value,
FBS,Food Balances (2010-),540,New Caledonia,645,Food supply quantity (kg/capita/yr),S2542,Sugar (Raw Equivalent),2023,2023,kg/cap,22.22,E,Estimated value,
FBS,Food Balances (2010-),554,New Zealand,645,Food supply quantity (kg/capita/yr),S2542,Sugar (Raw Equivalent),2019,2019,kg/cap,42.58,E,Estimated value,
FBS,Food Balances (2010-),554,New Zealand,645,Food supply quantity (kg/capita/yr),S2542,Sugar (Raw Equivalent),2020,2020,kg/cap,42.19,E,Estimated value,
FBS,Food Balances (2010-),554,New Zealand,645,Food supply quantity (kg/capita/yr),S2542,Sugar (Raw Equivalent),2021,2021,kg/cap,43.85,E,Estimated value,
FBS,Food Balances (2010-),554,New Zealand,645,Food supply quantity (kg/capita/yr),S2542,Sugar (Raw Equivalent),2022,2022,kg/cap,38.75,E,Estimated value,
FBS,Food Balances (2010-),554,New Zealand,645,Food supply quantity (kg/capita/yr),S2542,Sugar (Raw Equivalent),2023,2023,kg/cap,41.93,E,Estimated value,
FBS,Food Balances (2010-),558,Nicaragua,645,Food supply quantity (kg/capita/yr),S2542,Sugar (Raw Equivalent),2019,2019,kg/cap,37.98,E,Estimated value,
FBS,Food Balances (2010-),558,Nicaragua,645,Food supply quantity (kg/capita/yr),S2542,Sugar (Raw Equivalent),2020,2020,kg/cap,34.8,E,Estimated value,
FBS,Food Balances (2010-),558,Nicaragua,645,Food supply quantity (kg/capita/yr),S2542,Sugar (Raw Equivalent),2021,2021,kg/cap,37.43,E,Estimated value,
FBS,Food Balances (2010-),558,Nicaragua,645,Food supply quantity (kg/capita/yr),S2542,Sugar (Raw Equivalent),2022,2022,kg/cap,34.91,E,Estimated value,
FBS,Food Balances (2010-),558,Nicaragua,645,Food supply quantity (kg/capita/yr),S2542,Sugar (Raw Equivalent),2023,2023,kg/cap,34.83,E,Estimated value,
FBS,Food Balances (2010-),562,Niger,645,Food supply quantity (kg/capita/yr),S2542,Sugar (Raw Equivalent),2019,2019,kg/cap,4.74,E,Estimated value,
FBS,Food Balances (2010-),562,Niger,645,Food supply quantity (kg/capita/yr),S2542,Sugar (Raw Equivalent),2020,2020,kg/cap,6.86,E,Estimated value,
FBS,Food Balances (2010-),562,Niger,645,Food supply quantity (kg/capita/yr),S2542,Sugar (Raw Equivalent),2021,2021,kg/cap,5.46,E,Estimated value,
FBS,Food Balances (2010-),562,Niger,645,Food supply quantity (kg/capita/yr),S2542,Sugar (Raw Equivalent),2022,2022,kg/cap,6.01,E,Estimated value,
FBS,Food Balances (2010-),562,Niger,645,Food supply quantity (kg/capita/yr),S2542,Sugar (Raw Equivalent),2023,2023,kg/cap,5.27,E,Estimated value,
FBS,Food Balances (2010-),566,Nigeria,645,Food supply quantity (kg/capita/yr),S2542,Sugar (Raw Equivalent),2019,2019,kg/cap,9.46,E,Estimated value,
FBS,Food Balances (2010-),566,Nigeria,645,Food supply quantity (kg/capita/yr),S2542,Sugar (Raw Equivalent),2020,2020,kg/cap,7.85,E,Estimated value,
FBS,Food Balances (2010-),566,Nigeria,645,Food supply quantity (kg/capita/yr),S2542,Sugar (Raw Equivalent),2021,2021,kg/cap,8.89,E,Estimated value,
FBS,Food Balances (2010-),566,Nigeria,645,Food supply quantity (kg/capita/yr),S2542,Sugar (Raw Equivalent),2022,2022,kg/cap,7.36,E,Estimated value,
FBS,Food Balances (2010-),566,Nigeria,645,Food supply quantity (kg/capita/yr),S2542,Sugar (Raw Equivalent),2023,2023,kg/cap,7.13,E,Estimated value,
FBS,Food Balances (2010-),807,North Macedonia,645,Food supply quantity (kg/capita/yr),S2542,Sugar (Raw Equivalent),2019,2019,kg/cap,40.73,E,Estimated value,
FBS,Food Balances (2010-),807,North Macedonia,645,Food supply quantity (kg/capita/yr),S2542,Sugar (Raw Equivalent),2020,2020,kg/cap,41.32,E,Estimated value,
FBS,Food Balances (2010-),807,North Macedonia,645,Food supply quantity (kg/capita/yr),S2542,Sugar (Raw Equivalent),2021,2021,kg/cap,40.47,E,Estimated value,
FBS,Food Balances (2010-),807,North Macedonia,645,Food supply quantity (kg/capita/yr),S2542,Sugar (Raw Equivalent),2022,2022,kg/cap,36.87,E,Estimated value,
FBS,Food Balances (2010-),807,North Macedonia,645,Food supply quantity (kg/capita/yr),S2542,Sugar (Raw Equivalent),2023,2023,kg/cap,40.43,E,Estimated value,
FBS,Food Balances (2010-),578,Norway,645,Food supply quantity (kg/capita/yr),S2542,Sugar (Raw Equivalent),2019,2019,kg/cap,27.41,E,Estimated value,
FBS,Food Balances (2010-),578,Norway,645,Food supply quantity (kg/capita/yr),S2542,Sugar (Raw Equivalent),2020,2020,kg/cap,27.15,E,Estimated value,
FBS,Food Balances (2010-),578,Norway,645,Food supply quantity (kg/capita/yr),S2542,Sugar (Raw Equivalent),2021,2021,kg/cap,28.57,E,Estimated value,
FBS,Food Balances (2010-),578,Norway,645,Food supply quantity (kg/capita/yr),S2542,Sugar (Raw Equivalent),2022,2022,kg/cap,25.69,E,Estimated value,
FBS,Food Balances (2010-),578,Norway,645,Food supply quantity (kg/capita/yr),S2542,Sugar (Raw Equivalent),2023,2023,kg/cap,26.9,E,Estimated value,
FBS,Food Balances (2010-),512,Oman,645,Food supply quantity (kg/capita/yr),S2542,Sugar (Raw Equivalent),2019,2019,kg/cap,22.04,E,Estimated value,
FBS,Food Balances (2010-),512,Oman,645,Food supply quantity (kg/capita/yr),S2542,Sugar (Raw Equivalent),2020,2020,kg/cap,27.05,E,Estimated value,
FBS,Food Balances (2010-),512,Oman,645,Food supply quantity (kg/capita/yr),S2542,Sugar (Raw Equivalent),2021,2021,kg/cap,23.94,E,Estimated value,
FBS,Food Balances (2010-),512,Oman,645,Food supply quantity (kg/capita/yr),S2542,Sugar (Raw Equivalent),2022,2022,kg/cap,21.65,E,Estimated value,
FBS,Food Balances (2010-),512,Oman,645,Food supply quantity (kg/capita/yr),S2542,Sugar (Raw Equivalent),2023,2023,kg/cap,23.16,E,Estimated value,
FBS,Food Balances (2010-),586,Pakistan,645,Food supply quantity (kg/capita/yr),S2542,Sugar (Raw Equivalent),2019,2019,kg/cap,26.61,E,Estimated value,
FBS,Food Balances (2010-),586,Pakistan,645,Food supply quantity (kg/capita/yr),S2542,Sugar (Raw Equivalent),2020,2020,kg/cap,25.32,E,Estimated value,
FBS,Food Balances (2010-),586,Pakistan,645,Food supply quantity (kg/capita/yr),S2542,Sugar (Raw Equivalent),2021,2021,kg/cap,24.65,E,Estimated value,
FBS,Food Balances (2010-),586,Pakistan,645,Food supply quantity (kg/capita/yr),S2542,Sugar (Raw Equivalent),2022,2022,kg/cap,23.4,E,Estimated value,
FBS,Food Balances (2010-),586,Pakistan,645,Food supply quantity (kg/capita/yr),S2542,Sugar (Raw Equivalent),2023,2023,kg/cap,25.73,E,Estimated value,
FBS,Food Balances (2010-),591,Panama,645,Food supply quantity (kg/capita/yr),S2542,Sugar (Raw Equivalent),2019,2019,kg/cap,22.84,E,Estimated value,
FBS,Food Balances (2010-),591,Panama,645,Food supply quantity (kg/capita/yr),S2542,Sugar (Raw Equivalent),2020,2020,kg/cap,22.67,E,Estimated value,
FBS,Food Balances (2010-),591,Panama,645,Food supply quantity (kg/capita/yr),S2542,Sugar (Raw Equivalent),2021,2021,kg/cap,19.86,E,Estimated value,
FBS,Food Balances (2010-),591,Panama,645,Food supply quantity (kg/capita/yr),S2542,Sugar (Raw Equivalent),2022,2022,kg/cap,29.24,E,Estimated value,
FBS,Food Balances (2010-),591,Panama,645,Food supply quantity (kg/capita/yr),S2542,Sugar (Raw Equivalent),2023,2023,kg/cap,27.88,E,Estimated value,
FBS,Food Balances (2010-),598,Papua New Guinea,645,Food supply quantity (kg/capita/yr),S2542,Sugar (Raw Equivalent),2019,2019,kg/cap,10.8,E,Estimated value,
FBS,Food Balances (2010-),598,Papua New Guinea,645,Food supply quantity (kg/capita/yr),S2542,Sugar (Raw Equivalent),2020,2020,kg/cap,10.93,E,Estimated value,
FBS,Food Balances (2010-),598,Papua New Guinea,645,Food supply quantity (kg/capita/yr),S2542,Sugar (Raw Equivalent),2021,2021,kg/cap,9.66,E,Estimated value,
FBS,Food Balances (2010-),598,Papua New Guinea,645,Food supply quantity (kg/capita/yr),S2542,Sugar (Raw Equivalent),2022,2022,kg/cap,10.06,E,Estimated value,
FBS,Food Balances (2010-),598,Papua New Guinea,645,Food supply quantity (kg/capita/yr),S2542,Sugar (Raw Equivalent),2023,2023,kg/cap,8.67,E,Estimated value,
FBS,Food Balances (2010-),600,Paraguay,645,Food supply quantity (kg/capita/yr),S2542,Sugar (Raw Equivalent),2019,2019,kg/cap,16.08,E,Estimated value,
FBS,Food Balances (2010-),600,Paraguay,645,Food supply quantity (kg/capita/yr),S2542,Sugar (Raw Equivalent),2020,2020,kg/cap,14.1,E,Estimated value,
FBS,Food Balances (2010-),600,Paraguay,645,Food supply quantity (kg/capita/yr),S2542,Sugar (Raw Equivalent),2021,2021,kg/cap,14.86,E,Estimated value,
FBS,Food Balances (2010-),600,Paraguay,645,Food supply quantity (kg/capita/yr),S2542,Sugar (Raw Equivalent),2022,2022,kg/cap,16.98,E,Estimated value,
FBS,Food Balances (2010-),600,Paraguay,645,Food supply quantity (kg/capita/yr),S2542,Sugar (Raw Equivalent),2023,2023,kg/cap,18.58,E,Estimated value,
FBS,Food Balances (2010-),604,Peru,645,Food supply quantity (kg/capita/yr),S2542,Sugar (Raw Equivalent),2019,2019,kg/cap,20.04,E,Estimated value,
FBS,Food Balances (2010-),604,Peru,645,Food supply quantity (kg/capita/yr),S2542,Sugar (Raw Equivalent),2020,2020,kg/cap,20.08,E,Estimated value,
FBS,Food Balances (2010-),604,Peru,645,Food supply quantity (kg/capita/yr),S2542,Sugar (Raw Equivalent),2021,2021,kg/cap,17.73,E,Estimated value,
FBS,Food Balances (2010-),604,Peru,645,Food supply quantity (kg/capita/yr),S2542,Sugar (Raw Equivalent),2022,2022,kg/cap,18.16,E,Estimated value,
FBS,Food Balances (2010-),604,Peru,645,Food supply quantity (kg/capita/yr),S2542,Sugar (Raw Equivalent),2023,2023,kg/cap,18.28,E,Estimated value,
FBS,Food Balances (2010-),608,Philippines,645,Food supply quantity (kg/capita/yr),S2542,Sugar (Raw Equivalent),2019,2019,kg/cap,22.86,E,Estimated value,
FBS,Food Balances (2010-),608,Philippines,645,Food supply quantity (kg/capita/yr),S2542,Sugar (Raw Equivalent),2020,2020,kg/cap,22.56,E,Estimated value,
FBS,Food Balances (2010-),608,Philippines,645,Food supply quantity (kg/capita/yr),S2542,Sugar (Raw Equivalent),2021,2021,kg/cap,20.3,E,Estimated value,
FBS,Food Balances (2010-),608,Philippines,645,Food supply quantity (kg/capita/yr),S2542,Sugar (Raw Equivalent),2022,2022,kg/cap,21.85,E,Estimated value,
FBS,Food Balances (2010-),608,Philippines,645,Food supply quantity (kg/capita/yr),S2542,Sugar (Raw Equivalent),2023,2023,kg/cap,24.54,E,Estimated value,
FBS,Food Balances (2010-),616,Poland,645,Food supply quantity (kg/capita/yr),S2542,Sugar (Raw Equivalent),2019,2019,kg/cap,42.71,E,Estimated value,
FBS,Food Balances (2010-),616,Poland,645,Food supply quantity (kg/capita/yr),S2542,Sugar (Raw Equivalent),2020,2020,kg/cap,42.91,E,Estimated value,
FBS,Food Balances (2010-),616,Poland,645,Food supply quantity (kg/capita/yr),S2542,Sugar (Raw Equivalent),2021,2021,kg/cap,45.97,E,Estimated value,
FBS,Food Balances (2010-),616,Poland,645,Food supply quantity (kg/capita/yr),S2542,Sugar (Raw Equivalent),2022,2022,kg/cap,49.39,E,Estimated value,
FBS,Food Balances (2010-),616,Poland,645,Food supply quantity (kg/capita/yr),S2542,Sugar (Raw Equivalent),2023,2023,kg/cap,51.89,E,Estimated value,
FBS,Food Balances (2010-),620,Portugal,645,Food supply quantity (kg/capita/yr),S2542,Sugar (Raw Equivalent),2019,2019,kg/cap,21.82,E,Estimated value,
FBS,Food Balances (2010-),620,Portugal,645,Food supply quantity (kg/capita/yr),S2542,Sugar (Raw Equivalent),2020,2020,kg/cap,22.27,E,Estimated value,
FBS,Food Balances (2010-),620,Portugal,645,Food supply quantity (kg/capita/yr),S2542,Sugar (Raw Equivalent),2021,2021,kg/cap,18.16,E,Estimated value,
FBS,Food Balances (2010-),620,Portugal,645,Food supply quantity (kg/capita/yr),S2542,Sugar (Raw Equivalent),2022,2022,kg/cap,22.76,E,Estimated value,
FBS,Food Balances (2010-),620,Portugal,645,Food supply quantity (kg/capita/yr),S2542,Sugar (Raw Equivalent),2023,2023,kg/cap,16.84,E,Estimated value,
FBS,Food Balances (2010-),634,Qatar,645,Food supply quantity (kg/capita/yr),S2542,Sugar (Raw Equivalent),2019,2019,kg/cap,23.78,E,Estimated value,
FBS,Food Balances (2010-),634,Qatar,645,Food supply quantity (kg/capita/yr),S2542,Sugar (Raw Equivalent),2020,2020,kg/cap,24.17,E,Estimated value,
FBS,Food Balances (2010-),634,Qatar,645,Food supply quantity (kg/capita/yr),S2542,Sugar (Raw Equivalent),2021,2021,kg/cap,23.24,E,Estimated value,
FBS,Food Balances (2010-),634,Qatar,645,Food supply quantity (kg/capita/yr),S2542,Sugar (Raw Equivalent),2022,2022,kg/cap,23.01,E,Estimated value,
FBS,Food Balances (2010-),634,Qatar,645,Food supply quantity (kg/capita/yr),S2542,Sugar (Raw Equivalent),2023,2023,kg/cap,23.18,E,Estimated value,
FBS,Food Balances (2010-),410,Republic of Korea,645,Food supply quantity (kg/capita/yr),S2542,Sugar (Raw Equivalent),2019,2019,kg/cap,28.43,E,Estimated value,
FBS,Food Balances (2010-),410,Republic of Korea,645,Food supply quantity (kg/capita/yr),S2542,Sugar (Raw Equivalent),2020,2020,kg/cap,27.48,E,Estimated value,
FBS,Food Balances (2010-),410,Republic of Korea,645,Food supply quantity (kg/capita/yr),S2542,Sugar (Raw Equivalent),2021,2021,kg/cap,27.9,E,Estimated value,
FBS,Food Balances (2010-),410,Republic of Korea,645,Food supply quantity (kg/capita/yr),S2542,Sugar (Raw Equivalent),2022,2022,kg/cap,28.79,E,Estimated value,
FBS,Food Balances (2010-),410,Republic of Korea,645,Food supply quantity (kg/capita/yr),S2542,Sugar (Raw Equivalent),2023,2023,kg/cap,27.43,E,Estimated value,
FBS,Food Balances (2010-),498,Republic of Moldova,645,Food supply quantity (kg/capita/yr),S2542,Sugar (Raw Equivalent),2019,2019,kg/cap,35.12,E,Estimated value,
FBS,Food Balances (2010-),498,Republic of Moldova,645,Food supply quantity (kg/capita/yr),S2542,Sugar (Raw Equivalent),2020,2020,kg/cap,33.16,E,Estimated value,
FBS,Food Balances (2010-),498,Republic of Moldova,645,Food supply quantity (kg/capita/yr),S2542,Sugar (Raw Equivalent),2021,2021,kg/cap,35.18,E,Estimated value,
FBS,Food Balances (2010-),498,Republic of Moldova,645,Food supply quantity (kg/capita/yr),S2542,Sugar (Raw Equivalent),2022,2022,kg/cap,34.38,E,Estimated value,
FBS,Food Balances (2010-),498,Republic of Moldova,645,Food supply quantity (kg/capita/yr),S2542,Sugar (Raw Equivalent),2023,2023,kg/cap,29.57,E,Estimated value,
FBS,Food Balances (2010-),642,Romania,645,Food supply quantity (kg/capita/yr),S2542,Sugar (Raw Equivalent),2019,2019,kg/cap,26.67,E,Estimated value,
FBS,Food Balances (2010-),642,Romania,645,Food supply quantity (kg/capita/yr),S2542,Sugar (Raw Equivalent),2020,2020,kg/cap,26.89,E,Estimated value,
FBS,Food Balances (2010-),642,Romania,645,Food supply quantity (kg/capita/yr),S2542,Sugar (Raw Equivalent),2021,2021,kg/cap,26.88,E,Estimated value,
FBS,Food Balances (2010-),642,Romania,645,Food supply quantity (kg/capita/yr),S2542,Sugar (Raw Equivalent),2022,2022,kg/cap,26.51,E,Estimated value,
FBS,Food Balances (2010-),642,Romania,645,Food supply quantity (kg/capita/yr),S2542,Sugar (Raw Equivalent),2023,2023,kg/cap,26.06,E,Estimated value,
FBS,Food Balances (2010-),643,Russian Federation,645,Food supply quantity (kg/capita/yr),S2542,Sugar (Raw Equivalent),2019,2019,kg/cap,35.36,E,Estimated value,
FBS,Food Balances (2010-),643,Russian Federation,645,Food supply quantity (kg/capita/yr),S2542,Sugar (Raw Equivalent),2020,2020,kg/cap,34.08,E,Estimated value,
FBS,Food Balances (2010-),643,Russian Federation,645,Food supply quantity (kg/capita/yr),S2542,Sugar (Raw Equivalent),2021,2021,kg/cap,33.44,E,Estimated value,
FBS,Food Balances (2010-),643,Russian Federation,645,Food supply quantity (kg/capita/yr),S2542,Sugar (Raw Equivalent),2022,2022,kg/cap,35.18,E,Estimated value,
FBS,Food Balances (2010-),643,Russian Federation,645,Food supply quantity (kg/capita/yr),S2542,Sugar (Raw Equivalent),2023,2023,kg/cap,36.66,E,Estimated value,
FBS,Food Balances (2010-),646,Rwanda,645,Food supply quantity (kg/capita/yr),S2542,Sugar (Raw Equivalent),2019,2019,kg/cap,9.15,E,Estimated value,
FBS,Food Balances (2010-),646,Rwanda,645,Food supply quantity (kg/capita/yr),S2542,Sugar (Raw Equivalent),2020,2020,kg/cap,9.59,E,Estimated value,
FBS,Food Balances (2010-),646,Rwanda,645,Food supply quantity (kg/capita/yr),S2542,Sugar (Raw Equivalent),2021,2021,kg/cap,12.02,E,Estimated value,
FBS,Food Balances (2010-),646,Rwanda,645,Food supply quantity (kg/capita/yr),S2542,Sugar (Raw Equivalent),2022,2022,kg/cap,16.21,E,Estimated value,
FBS,Food Balances (2010-),646,Rwanda,645,Food supply quantity (kg/capita/yr),S2542,Sugar (Raw Equivalent),2023,2023,kg/cap,15.14,E,Estimated value,
FBS,Food Balances (2010-),659,Saint Kitts and Nevis,645,Food supply quantity (kg/capita/yr),S2542,Sugar (Raw Equivalent),2019,2019,kg/cap,39.93,E,Estimated value,
FBS,Food Balances (2010-),659,Saint Kitts and Nevis,645,Food supply quantity (kg/capita/yr),S2542,Sugar (Raw Equivalent),2020,2020,kg/cap,36.55,E,Estimated value,
FBS,Food Balances (2010-),659,Saint Kitts and Nevis,645,Food supply quantity (kg/capita/yr),S2542,Sugar (Raw Equivalent),2021,2021,kg/cap,38.48,E,Estimated value,
FBS,Food Balances (2010-),659,Saint Kitts and Nevis,645,Food supply quantity (kg/capita/yr),S2542,Sugar (Raw Equivalent),2022,2022,kg/cap,40.2,E,Estimated value,
FBS,Food Balances (2010-),659,Saint Kitts and Nevis,645,Food supply quantity (kg/capita/yr),S2542,Sugar (Raw Equivalent),2023,2023,kg/cap,39.9,E,Estimated value,
FBS,Food Balances (2010-),662,Saint Lucia,645,Food supply quantity (kg/capita/yr),S2542,Sugar (Raw Equivalent),2019,2019,kg/cap,40.58,E,Estimated value,
FBS,Food Balances (2010-),662,Saint Lucia,645,Food supply quantity (kg/capita/yr),S2542,Sugar (Raw Equivalent),2020,2020,kg/cap,32.54,E,Estimated value,
FBS,Food Balances (2010-),662,Saint Lucia,645,Food supply quantity (kg/capita/yr),S2542,Sugar (Raw Equivalent),2021,2021,kg/cap,28.72,E,Estimated value,
FBS,Food Balances (2010-),662,Saint Lucia,645,Food supply quantity (kg/capita/yr),S2542,Sugar (Raw Equivalent),2022,2022,kg/cap,29.01,E,Estimated value,
FBS,Food Balances (2010-),662,Saint Lucia,645,Food supply quantity (kg/capita/yr),S2542,Sugar (Raw Equivalent),2023,2023,kg/cap,28.23,E,Estimated value,
FBS,Food Balances (2010-),670,Saint Vincent and the Grenadines,645,Food supply quantity (kg/capita/yr),S2542,Sugar (Raw Equivalent),2019,2019,kg/cap,26.65,E,Estimated value,
FBS,Food Balances (2010-),670,Saint Vincent and the Grenadines,645,Food supply quantity (kg/capita/yr),S2542,Sugar (Raw Equivalent),2020,2020,kg/cap,26.7,E,Estimated value,
FBS,Food Balances (2010-),670,Saint Vincent and the Grenadines,645,Food supply quantity (kg/capita/yr),S2542,Sugar (Raw Equivalent),2021,2021,kg/cap,26.57,E,Estimated value,
FBS,Food Balances (2010-),670,Saint Vincent and the Grenadines,645,Food supply quantity (kg/capita/yr),S2542,Sugar (Raw Equivalent),2022,2022,kg/cap,31.13,E,Estimated value,
FBS,Food Balances (2010-),670,Saint Vincent and the Grenadines,645,Food supply quantity (kg/capita/yr),S2542,Sugar (Raw Equivalent),2023,2023,kg/cap,33.57,E,Estimated value,
FBS,Food Balances (2010-),882,Samoa,645,Food supply quantity (kg/capita/yr),S2542,Sugar (Raw Equivalent),2019,2019,kg/cap,31.95,E,Estimated value,
FBS,Food Balances (2010-),882,Samoa,645,Food supply quantity (kg/capita/yr),S2542,Sugar (Raw Equivalent),2020,2020,kg/cap,26.4,E,Estimated value,
FBS,Food Balances (2010-),882,Samoa,645,Food supply quantity (kg/capita/yr),S2542,Sugar (Raw Equivalent),2021,2021,kg/cap,28.97,E,Estimated value,
FBS,Food Balances (2010-),882,Samoa,645,Food supply quantity (kg/capita/yr),S2542,Sugar (Raw Equivalent),2022,2022,kg/cap,42.9,E,Estimated value,
FBS,Food Balances (2010-),882,Samoa,645,Food supply quantity (kg/capita/yr),S2542,Sugar (Raw Equivalent),2023,2023,kg/cap,30.42,E,Estimated value,
FBS,Food Balances (2010-),678,Sao Tome and Principe,645,Food supply quantity (kg/capita/yr),S2542,Sugar (Raw Equivalent),2019,2019,kg/cap,14.08,E,Estimated value,
FBS,Food Balances (2010-),678,Sao Tome and Principe,645,Food supply quantity (kg/capita/yr),S2542,Sugar (Raw Equivalent),2020,2020,kg/cap,15.08,E,Estimated value,
FBS,Food Balances (2010-),678,Sao Tome and Principe,645,Food supply quantity (kg/capita/yr),S2542,Sugar (Raw Equivalent),2021,2021,kg/cap,16.38,E,Estimated value,
FBS,Food Balances (2010-),678,Sao Tome and Principe,645,Food supply quantity (kg/capita/yr),S2542,Sugar (Raw Equivalent),2022,2022,kg/cap,17.15,E,Estimated value,
FBS,Food Balances (2010-),678,Sao Tome and Principe,645,Food supply quantity (kg/capita/yr),S2542,Sugar (Raw Equivalent),2023,2023,kg/cap,17.04,E,Estimated value,
FBS,Food Balances (2010-),682,Saudi Arabia,645,Food supply quantity (kg/capita/yr),S2542,Sugar (Raw Equivalent),2019,2019,kg/cap,34.6,E,Estimated value,
FBS,Food Balances (2010-),682,Saudi Arabia,645,Food supply quantity (kg/capita/yr),S2542,Sugar (Raw Equivalent),2020,2020,kg/cap,35.24,E,Estimated value,
FBS,Food Balances (2010-),682,Saudi Arabia,645,Food supply quantity (kg/capita/yr),S2542,Sugar (Raw Equivalent),2021,2021,kg/cap,33.39,E,Estimated value,
FBS,Food Balances (2010-),682,Saudi Arabia,645,Food supply quantity (kg/capita/yr),S2542,Sugar (Raw Equivalent),2022,2022,kg/cap,33.3,E,Estimated value,
FBS,Food Balances (2010-),682,Saudi Arabia,645,Food supply quantity (kg/capita/yr),S2542,Sugar (Raw Equivalent),2023,2023,kg/cap,33.78,E,Estimated value,
FBS,Food Balances (2010-),686,Senegal,645,Food supply quantity (kg/capita/yr),S2542,Sugar (Raw Equivalent),2019,2019,kg/cap,16.51,E,Estimated value,
FBS,Food Balances (2010-),686,Senegal,645,Food supply quantity (kg/capita/yr),S2542,Sugar (Raw Equivalent),2020,2020,kg/cap,15.26,E,Estimated value,
FBS,Food Balances (2010-),686,Senegal,645,Food supply quantity (kg/capita/yr),S2542,Sugar (Raw Equivalent),2021,2021,kg/cap,16.26,E,Estimated value,
FBS,Food Balances (2010-),686,Senegal,645,Food supply quantity (kg/capita/yr),S2542,Sugar (Raw Equivalent),2022,2022,kg/cap,16.37,E,Estimated value,
FBS,Food Balances (2010-),686,Senegal,645,Food supply quantity (kg/capita/yr),S2542,Sugar (Raw Equivalent),2023,2023,kg/cap,18.1,E,Estimated value,
FBS,Food Balances (2010-),688,Serbia,645,Food supply quantity (kg/capita/yr),S2542,Sugar (Raw Equivalent),2019,2019,kg/cap,16.84,E,Estimated value,
FBS,Food Balances (2010-),688,Serbia,645,Food supply quantity (kg/capita/yr),S2542,Sugar (Raw Equivalent),2020,2020,kg/cap,15.68,E,Estimated value,
FBS,Food Balances (2010-),688,Serbia,645,Food supply quantity (kg/capita/yr),S2542,Sugar (Raw Equivalent),2021,2021,kg/cap,12.5,E,Estimated value,
FBS,Food Balances (2010-),688,Serbia,645,Food supply quantity (kg/capita/yr),S2542,Sugar (Raw Equivalent),2022,2022,kg/cap,12.34,E,Estimated value,
FBS,Food Balances (2010-),688,Serbia,645,Food supply quantity (kg/capita/yr),S2542,Sugar (Raw Equivalent),2023,2023,kg/cap,11.39,E,Estimated value,
FBS,Food Balances (2010-),690,Seychelles,645,Food supply quantity (kg/capita/yr),S2542,Sugar (Raw Equivalent),2019,2019,kg/cap,23.01,E,Estimated value,
FBS,Food Balances (2010-),690,Seychelles,645,Food supply quantity (kg/capita/yr),S2542,Sugar (Raw Equivalent),2020,2020,kg/cap,28.24,E,Estimated value,
FBS,Food Balances (2010-),690,Seychelles,645,Food supply quantity (kg/capita/yr),S2542,Sugar (Raw Equivalent),2021,2021,kg/cap,23.09,E,Estimated value,
FBS,Food Balances (2010-),690,Seychelles,645,Food supply quantity (kg/capita/yr),S2542,Sugar (Raw Equivalent),2022,2022,kg/cap,32.22,E,Estimated value,
FBS,Food Balances (2010-),690,Seychelles,645,Food supply quantity (kg/capita/yr),S2542,Sugar (Raw Equivalent),2023,2023,kg/cap,24.43,E,Estimated value,
FBS,Food Balances (2010-),694,Sierra Leone,645,Food supply quantity (kg/capita/yr),S2542,Sugar (Raw Equivalent),2019,2019,kg/cap,7.21,E,Estimated value,
FBS,Food Balances (2010-),694,Sierra Leone,645,Food supply quantity (kg/capita/yr),S2542,Sugar (Raw Equivalent),2020,2020,kg/cap,7.28,E,Estimated value,
FBS,Food Balances (2010-),694,Sierra Leone,645,Food supply quantity (kg/capita/yr),S2542,Sugar (Raw Equivalent),2021,2021,kg/cap,4.82,E,Estimated value,
FBS,Food Balances (2010-),694,Sierra Leone,645,Food supply quantity (kg/capita/yr),S2542,Sugar (Raw Equivalent),2022,2022,kg/cap,6.1,E,Estimated value,
FBS,Food Balances (2010-),694,Sierra Leone,645,Food supply quantity (kg/capita/yr),S2542,Sugar (Raw Equivalent),2023,2023,kg/cap,7.35,E,Estimated value,
FBS,Food Balances (2010-),703,Slovakia,645,Food supply quantity (kg/capita/yr),S2542,Sugar (Raw Equivalent),2019,2019,kg/cap,23.65,E,Estimated value,
FBS,Food Balances (2010-),703,Slovakia,645,Food supply quantity (kg/capita/yr),S2542,Sugar (Raw Equivalent),2020,2020,kg/cap,20.89,E,Estimated value,
FBS,Food Balances (2010-),703,Slovakia,645,Food supply quantity (kg/capita/yr),S2542,Sugar (Raw Equivalent),2021,2021,kg/cap,18.37,E,Estimated value,
FBS,Food Balances (2010-),703,Slovakia,645,Food supply quantity (kg/capita/yr),S2542,Sugar (Raw Equivalent),2022,2022,kg/cap,10.2,E,Estimated value,
FBS,Food Balances (2010-),703,Slovakia,645,Food supply quantity (kg/capita/yr),S2542,Sugar (Raw Equivalent),2023,2023,kg/cap,23.75,E,Estimated value,
FBS,Food Balances (2010-),705,Slovenia,645,Food supply quantity (kg/capita/yr),S2542,Sugar (Raw Equivalent),2019,2019,kg/cap,25.2,E,Estimated value,
FBS,Food Balances (2010-),705,Slovenia,645,Food supply quantity (kg/capita/yr),S2542,Sugar (Raw Equivalent),2020,2020,kg/cap,19.42,E,Estimated value,
FBS,Food Balances (2010-),705,Slovenia,645,Food supply quantity (kg/capita/yr),S2542,Sugar (Raw Equivalent),2021,2021,kg/cap,21.65,E,Estimated value,
FBS,Food Balances (2010-),705,Slovenia,645,Food supply quantity (kg/capita/yr),S2542,Sugar (Raw Equivalent),2022,2022,kg/cap,23.23,E,Estimated value,
FBS,Food Balances (2010-),705,Slovenia,645,Food supply quantity (kg/capita/yr),S2542,Sugar (Raw Equivalent),2023,2023,kg/cap,21.3,E,Estimated value,
FBS,Food Balances (2010-),90,Solomon Islands,645,Food supply quantity (kg/capita/yr),S2542,Sugar (Raw Equivalent),2019,2019,kg/cap,11.27,E,Estimated value,
FBS,Food Balances (2010-),90,Solomon Islands,645,Food supply quantity (kg/capita/yr),S2542,Sugar (Raw Equivalent),2020,2020,kg/cap,13.03,E,Estimated value,
FBS,Food Balances (2010-),90,Solomon Islands,645,Food supply quantity (kg/capita/yr),S2542,Sugar (Raw Equivalent),2021,2021,kg/cap,13.69,E,Estimated value,
FBS,Food Balances (2010-),90,Solomon Islands,645,Food supply quantity (kg/capita/yr),S2542,Sugar (Raw Equivalent),2022,2022,kg/cap,14.19,E,Estimated value,
FBS,Food Balances (2010-),90,Solomon Islands,645,Food supply quantity (kg/capita/yr),S2542,Sugar (Raw Equivalent),2023,2023,kg/cap,11.53,E,Estimated value,
FBS,Food Balances (2010-),710,South Africa,645,Food supply quantity (kg/capita/yr),S2542,Sugar (Raw Equivalent),2019,2019,kg/cap,29.29,E,Estimated value,
FBS,Food Balances (2010-),710,South Africa,645,Food supply quantity (kg/capita/yr),S2542,Sugar (Raw Equivalent),2020,2020,kg/cap,28.42,E,Estimated value,
FBS,Food Balances (2010-),710,South Africa,645,Food supply quantity (kg/capita/yr),S2542,Sugar (Raw Equivalent),2021,2021,kg/cap,27.16,E,Estimated value,
FBS,Food Balances (2010-),710,South Africa,645,Food supply quantity (kg/capita/yr),S2542,Sugar (Raw Equivalent),2022,2022,kg/cap,25.48,E,Estimated value,
FBS,Food Balances (2010-),710,South Africa,645,Food supply quantity (kg/capita/yr),S2542,Sugar (Raw Equivalent),2023,2023,kg/cap,24.94,E,Estimated value,
FBS,Food Balances (2010-),724,Spain,645,Food supply quantity (kg/capita/yr),S2542,Sugar (Raw Equivalent),2019,2019,kg/cap,29.65,E,Estimated value,
FBS,Food Balances (2010-),724,Spain,645,Food supply quantity (kg/capita/yr),S2542,Sugar (Raw Equivalent),2020,2020,kg/cap,28.61,E,Estimated value,
FBS,Food Balances (2010-),724,Spain,645,Food supply quantity (kg/capita/yr),S2542,Sugar (Raw Equivalent),2021,2021,kg/cap,29.21,E,Estimated value,
FBS,Food Balances (2010-),724,Spain,645,Food supply quantity (kg/capita/yr),S2542,Sugar (Raw Equivalent),2022,2022,kg/cap,31.91,E,Estimated value,
FBS,Food Balances (2010-),724,Spain,645,Food supply quantity (kg/capita/yr),S2542,Sugar (Raw Equivalent),2023,2023,kg/cap,30.53,E,Estimated value,
FBS,Food Balances (2010-),144,Sri Lanka,645,Food supply quantity (kg/capita/yr),S2542,Sugar (Raw Equivalent),2019,2019,kg/cap,27.2,E,Estimated value,
FBS,Food Balances (2010-),144,Sri Lanka,645,Food supply quantity (kg/capita/yr),S2542,Sugar (Raw Equivalent),2020,2020,kg/cap,32.2,E,Estimated value,
FBS,Food Balances (2010-),144,Sri Lanka,645,Food supply quantity (kg/capita/yr),S2542,Sugar (Raw Equivalent),2021,2021,kg/cap,30.95,E,Estimated value,
FBS,Food Balances (2010-),144,Sri Lanka,645,Food supply quantity (kg/capita/yr),S2542,Sugar (Raw Equivalent),2022,2022,kg/cap,28.9,E,Estimated value,
FBS,Food Balances (2010-),144,Sri Lanka,645,Food supply quantity (kg/capita/yr),S2542,Sugar (Raw Equivalent),2023,2023,kg/cap,37.41,E,Estimated value,
FBS,Food Balances (2010-),740,Suriname,645,Food supply quantity (kg/capita/yr),S2542,Sugar (Raw Equivalent),2019,2019,kg/cap,38.97,E,Estimated value,
FBS,Food Balances (2010-),740,Suriname,645,Food supply quantity (kg/capita/yr),S2542,Sugar (Raw Equivalent),2020,2020,kg/cap,38.29,E,Estimated value,
FBS,Food Balances (2010-),740,Suriname,645,Food supply quantity (kg/capita/yr),S2542,Sugar (Raw Equivalent),2021,2021,kg/cap,38.05,E,Estimated value,
FBS,Food Balances (2010-),740,Suriname,645,Food supply quantity (kg/capita/yr),S2542,Sugar (Raw Equivalent),2022,2022,kg/cap,38.19,E,Estimated value,
FBS,Food Balances (2010-),740,Suriname,645,Food supply quantity (kg/capita/yr),S2542,Sugar (Raw Equivalent),2023,2023,kg/cap,35.96,E,Estimated value,
FBS,Food Balances (2010-),752,Sweden,645,Food supply quantity (kg/capita/yr),S2542,Sugar (Raw Equivalent),2019,2019,kg/cap,32.93,E,Estimated value,
FBS,Food Balances (2010-),752,Sweden,645,Food supply quantity (kg/capita/yr),S2542,Sugar (Raw Equivalent),2020,2020,kg/cap,32.81,E,Estimated value,
FBS,Food Balances (2010-),752,Sweden,645,Food supply quantity (kg/capita/yr),S2542,Sugar (Raw Equivalent),2021,2021,kg/cap,32.57,E,Estimated value,
FBS,Food Balances (2010-),752,Sweden,645,Food supply quantity (kg/capita/yr),S2542,Sugar (Raw Equivalent),2022,2022,kg/cap,32.05,E,Estimated value,
FBS,Food Balances (2010-),752,Sweden,645,Food supply quantity (kg/capita/yr),S2542,Sugar (Raw Equivalent),2023,2023,kg/cap,30.9,E,Estimated value,
FBS,Food Balances (2010-),756,Switzerland,645,Food supply quantity (kg/capita/yr),S2542,Sugar (Raw Equivalent),2019,2019,kg/cap,39.4,E,Estimated value,
FBS,Food Balances (2010-),756,Switzerland,645,Food supply quantity (kg/capita/yr),S2542,Sugar (Raw Equivalent),2020,2020,kg/cap,37.6,E,Estimated value,
FBS,Food Balances (2010-),756,Switzerland,645,Food supply quantity (kg/capita/yr),S2542,Sugar (Raw Equivalent),2021,2021,kg/cap,37.64,E,Estimated value,
FBS,Food Balances (2010-),756,Switzerland,645,Food supply quantity (kg/capita/yr),S2542,Sugar (Raw Equivalent),2022,2022,kg/cap,28.6,E,Estimated value,
FBS,Food Balances (2010-),756,Switzerland,645,Food supply quantity (kg/capita/yr),S2542,Sugar (Raw Equivalent),2023,2023,kg/cap,28.41,E,Estimated value,
FBS,Food Balances (2010-),760,Syrian Arab Republic,645,Food supply quantity (kg/capita/yr),S2542,Sugar (Raw Equivalent),2019,2019,kg/cap,16.33,E,Estimated value,
FBS,Food Balances (2010-),760,Syrian Arab Republic,645,Food supply quantity (kg/capita/yr),S2542,Sugar (Raw Equivalent),2020,2020,kg/cap,12.83,E,Estimated value,
FBS,Food Balances (2010-),760,Syrian Arab Republic,645,Food supply quantity (kg/capita/yr),S2542,Sugar (Raw Equivalent),2021,2021,kg/cap,14.67,E,Estimated value,
FBS,Food Balances (2010-),760,Syrian Arab Republic,645,Food supply quantity (kg/capita/yr),S2542,Sugar (Raw Equivalent),2022,2022,kg/cap,10.27,E,Estimated value,
FBS,Food Balances (2010-),760,Syrian Arab Republic,645,Food supply quantity (kg/capita/yr),S2542,Sugar (Raw Equivalent),2023,2023,kg/cap,5.79,E,Estimated value,
FBS,Food Balances (2010-),762,Tajikistan,645,Food supply quantity (kg/capita/yr),S2542,Sugar (Raw Equivalent),2019,2019,kg/cap,17.48,E,Estimated value,
FBS,Food Balances (2010-),762,Tajikistan,645,Food supply quantity (kg/capita/yr),S2542,Sugar (Raw Equivalent),2020,2020,kg/cap,16.35,E,Estimated value,
FBS,Food Balances (2010-),762,Tajikistan,645,Food supply quantity (kg/capita/yr),S2542,Sugar (Raw Equivalent),2021,2021,kg/cap,18.66,E,Estimated value,
FBS,Food Balances (2010-),762,Tajikistan,645,Food supply quantity (kg/capita/yr),S2542,Sugar (Raw Equivalent),2022,2022,kg/cap,17.29,E,Estimated value,
FBS,Food Balances (2010-),762,Tajikistan,645,Food supply quantity (kg/capita/yr),S2542,Sugar (Raw Equivalent),2023,2023,kg/cap,15.89,E,Estimated value,
FBS,Food Balances (2010-),764,Thailand,645,Food supply quantity (kg/capita/yr),S2542,Sugar (Raw Equivalent),2019,2019,kg/cap,42.4,E,Estimated value,
FBS,Food Balances (2010-),764,Thailand,645,Food supply quantity (kg/capita/yr),S2542,Sugar (Raw Equivalent),2020,2020,kg/cap,39.27,E,Estimated value,
FBS,Food Balances (2010-),764,Thailand,645,Food supply quantity (kg/capita/yr),S2542,Sugar (Raw Equivalent),2021,2021,kg/cap,40.69,E,Estimated value,
FBS,Food Balances (2010-),764,Thailand,645,Food supply quantity (kg/capita/yr),S2542,Sugar (Raw Equivalent),2022,2022,kg/cap,39.84,E,Estimated value,
FBS,Food Balances (2010-),764,Thailand,645,Food supply quantity (kg/capita/yr),S2542,Sugar (Raw Equivalent),2023,2023,kg/cap,39.39,E,Estimated value,
FBS,Food Balances (2010-),626,Timor-Leste,645,Food supply quantity (kg/capita/yr),S2542,Sugar (Raw Equivalent),2019,2019,kg/cap,11.55,E,Estimated value,
FBS,Food Balances (2010-),626,Timor-Leste,645,Food supply quantity (kg/capita/yr),S2542,Sugar (Raw Equivalent),2020,2020,kg/cap,11.45,E,Estimated value,
FBS,Food Balances (2010-),626,Timor-Leste,645,Food supply quantity (kg/capita/yr),S2542,Sugar (Raw Equivalent),2021,2021,kg/cap,11.48,E,Estimated value,
FBS,Food Balances (2010-),626,Timor-Leste,645,Food supply quantity (kg/capita/yr),S2542,Sugar (Raw Equivalent),2022,2022,kg/cap,12.18,E,Estimated value,
FBS,Food Balances (2010-),626,Timor-Leste,645,Food supply quantity (kg/capita/yr),S2542,Sugar (Raw Equivalent),2023,2023,kg/cap,9.41,E,Estimated value,
FBS,Food Balances (2010-),776,Tonga,645,Food supply quantity (kg/capita/yr),S2542,Sugar (Raw Equivalent),2019,2019,kg/cap,15.56,E,Estimated value,
FBS,Food Balances (2010-),776,Tonga,645,Food supply quantity (kg/capita/yr),S2542,Sugar (Raw Equivalent),2020,2020,kg/cap,16.15,E,Estimated value,
FBS,Food Balances (2010-),776,Tonga,645,Food supply quantity (kg/capita/yr),S2542,Sugar (Raw Equivalent),2021,2021,kg/cap,15.14,E,Estimated value,
FBS,Food Balances (2010-),776,Tonga,645,Food supply quantity (kg/capita/yr),S2542,Sugar (Raw Equivalent),2022,2022,kg/cap,16.18,E,Estimated value,
FBS,Food Balances (2010-),776,Tonga,645,Food supply quantity (kg/capita/yr),S2542,Sugar (Raw Equivalent),2023,2023,kg/cap,16.96,E,Estimated value,
FBS,Food Balances (2010-),780,Trinidad and Tobago,645,Food supply quantity (kg/capita/yr),S2542,Sugar (Raw Equivalent),2019,2019,kg/cap,37.86,E,Estimated value,
FBS,Food Balances (2010-),780,Trinidad and Tobago,645,Food supply quantity (kg/capita/yr),S2542,Sugar (Raw Equivalent),2020,2020,kg/cap,38.59,E,Estimated value,
FBS,Food Balances (2010-),780,Trinidad and Tobago,645,Food supply quantity (kg/capita/yr),S2542,Sugar (Raw Equivalent),2021,2021,kg/cap,38.46,E,Estimated value,
FBS,Food Balances (2010-),780,Trinidad and Tobago,645,Food supply quantity (kg/capita/yr),S2542,Sugar (Raw Equivalent),2022,2022,kg/cap,34.43,E,Estimated value,
FBS,Food Balances (2010-),780,Trinidad and Tobago,645,Food supply quantity (kg/capita/yr),S2542,Sugar (Raw Equivalent),2023,2023,kg/cap,32.2,E,Estimated value,
FBS,Food Balances (2010-),788,Tunisia,645,Food supply quantity (kg/capita/yr),S2542,Sugar (Raw Equivalent),2019,2019,kg/cap,31.86,E,Estimated value,
FBS,Food Balances (2010-),788,Tunisia,645,Food supply quantity (kg/capita/yr),S2542,Sugar (Raw Equivalent),2020,2020,kg/cap,33.8,E,Estimated value,
FBS,Food Balances (2010-),788,Tunisia,645,Food supply quantity (kg/capita/yr),S2542,Sugar (Raw Equivalent),2021,2021,kg/cap,33.05,E,Estimated value,
FBS,Food Balances (2010-),788,Tunisia,645,Food supply quantity (kg/capita/yr),S2542,Sugar (Raw Equivalent),2022,2022,kg/cap,30.87,E,Estimated value,
FBS,Food Balances (2010-),788,Tunisia,645,Food supply quantity (kg/capita/yr),S2542,Sugar (Raw Equivalent),2023,2023,kg/cap,26.18,E,Estimated value,
FBS,Food Balances (2010-),792,Türkiye,645,Food supply quantity (kg/capita/yr),S2542,Sugar (Raw Equivalent),2019,2019,kg/cap,29.9,E,Estimated value,
FBS,Food Balances (2010-),792,Türkiye,645,Food supply quantity (kg/capita/yr),S2542,Sugar (Raw Equivalent),2020,2020,kg/cap,26.99,E,Estimated value,
FBS,Food Balances (2010-),792,Türkiye,645,Food supply quantity (kg/capita/yr),S2542,Sugar (Raw Equivalent),2021,2021,kg/cap,26.55,E,Estimated value,
FBS,Food Balances (2010-),792,Türkiye,645,Food supply quantity (kg/capita/yr),S2542,Sugar (Raw Equivalent),2022,2022,kg/cap,26.86,E,Estimated value,
FBS,Food Balances (2010-),792,Türkiye,645,Food supply quantity (kg/capita/yr),S2542,Sugar (Raw Equivalent),2023,2023,kg/cap,26.97,E,Estimated value,
FBS,Food Balances (2010-),795,Turkmenistan,645,Food supply quantity (kg/capita/yr),S2542,Sugar (Raw Equivalent),2019,2019,kg/cap,16.74,E,Estimated value,
FBS,Food Balances (2010-),795,Turkmenistan,645,Food supply quantity (kg/capita/yr),S2542,Sugar (Raw Equivalent),2020,2020,kg/cap,16.57,E,Estimated value,
FBS,Food Balances (2010-),795,Turkmenistan,645,Food supply quantity (kg/capita/yr),S2542,Sugar (Raw Equivalent),2021,2021,kg/cap,16.79,E,Estimated value,
FBS,Food Balances (2010-),795,Turkmenistan,645,Food supply quantity (kg/capita/yr),S2542,Sugar (Raw Equivalent),2022,2022,kg/cap,16.37,E,Estimated value,
FBS,Food Balances (2010-),795,Turkmenistan,645,Food supply quantity (kg/capita/yr),S2542,Sugar (Raw Equivalent),2023,2023,kg/cap,16.24,E,Estimated value,
FBS,Food Balances (2010-),798,Tuvalu,645,Food supply quantity (kg/capita/yr),S2542,Sugar (Raw Equivalent),2019,2019,kg/cap,48.68,E,Estimated value,
FBS,Food Balances (2010-),798,Tuvalu,645,Food supply quantity (kg/capita/yr),S2542,Sugar (Raw Equivalent),2020,2020,kg/cap,48.55,E,Estimated value,
FBS,Food Balances (2010-),798,Tuvalu,645,Food supply quantity (kg/capita/yr),S2542,Sugar (Raw Equivalent),2021,2021,kg/cap,49.62,E,Estimated value,
FBS,Food Balances (2010-),798,Tuvalu,645,Food supply quantity (kg/capita/yr),S2542,Sugar (Raw Equivalent),2022,2022,kg/cap,49.45,E,Estimated value,
FBS,Food Balances (2010-),798,Tuvalu,645,Food supply quantity (kg/capita/yr),S2542,Sugar (Raw Equivalent),2023,2023,kg/cap,48.24,E,Estimated value,
FBS,Food Balances (2010-),800,Uganda,645,Food supply quantity (kg/capita/yr),S2542,Sugar (Raw Equivalent),2019,2019,kg/cap,12.49,E,Estimated value,
FBS,Food Balances (2010-),800,Uganda,645,Food supply quantity (kg/capita/yr),S2542,Sugar (Raw Equivalent),2020,2020,kg/cap,11.76,E,Estimated value,
FBS,Food Balances (2010-),800,Uganda,645,Food supply quantity (kg/capita/yr),S2542,Sugar (Raw Equivalent),2021,2021,kg/cap,11.67,E,Estimated value,
FBS,Food Balances (2010-),800,Uganda,645,Food supply quantity (kg/capita/yr),S2542,Sugar (Raw Equivalent),2022,2022,kg/cap,12.84,E,Estimated value,
FBS,Food Balances (2010-),800,Uganda,645,Food supply quantity (kg/capita/yr),S2542,Sugar (Raw Equivalent),2023,2023,kg/cap,11.22,E,Estimated value,
FBS,Food Balances (2010-),804,Ukraine,645,Food supply quantity (kg/capita/yr),S2542,Sugar (Raw Equivalent),2019,2019,kg/cap,31.68,E,Estimated value,
FBS,Food Balances (2010-),804,Ukraine,645,Food supply quantity (kg/capita/yr),S2542,Sugar (Raw Equivalent),2020,2020,kg/cap,33.72,E,Estimated value,
FBS,Food Balances (2010-),804,Ukraine,645,Food supply quantity (kg/capita/yr),S2542,Sugar (Raw Equivalent),2021,2021,kg/cap,35.55,E,Estimated value,
FBS,Food Balances (2010-),804,Ukraine,645,Food supply quantity (kg/capita/yr),S2542,Sugar (Raw Equivalent),2022,2022,kg/cap,29.92,E,Estimated value,
FBS,Food Balances (2010-),804,Ukraine,645,Food supply quantity (kg/capita/yr),S2542,Sugar (Raw Equivalent),2023,2023,kg/cap,32.11,E,Estimated value,
FBS,Food Balances (2010-),784,United Arab Emirates,645,Food supply quantity (kg/capita/yr),S2542,Sugar (Raw Equivalent),2019,2019,kg/cap,35.33,E,Estimated value,
FBS,Food Balances (2010-),784,United Arab Emirates,645,Food supply quantity (kg/capita/yr),S2542,Sugar (Raw Equivalent),2020,2020,kg/cap,11.38,E,Estimated value,
FBS,Food Balances (2010-),784,United Arab Emirates,645,Food supply quantity (kg/capita/yr),S2542,Sugar (Raw Equivalent),2021,2021,kg/cap,11.82,E,Estimated value,
FBS,Food Balances (2010-),784,United Arab Emirates,645,Food supply quantity (kg/capita/yr),S2542,Sugar (Raw Equivalent),2022,2022,kg/cap,22.72,E,Estimated value,
FBS,Food Balances (2010-),784,United Arab Emirates,645,Food supply quantity (kg/capita/yr),S2542,Sugar (Raw Equivalent),2023,2023,kg/cap,24.17,E,Estimated value,
FBS,Food Balances (2010-),826,United Kingdom of Great Britain and Northern Ireland,645,Food supply quantity (kg/capita/yr),S2542,Sugar (Raw Equivalent),2019,2019,kg/cap,30.84,E,Estimated value,
FBS,Food Balances (2010-),826,United Kingdom of Great Britain and Northern Ireland,645,Food supply quantity (kg/capita/yr),S2542,Sugar (Raw Equivalent),2020,2020,kg/cap,24.26,E,Estimated value,
FBS,Food Balances (2010-),826,United Kingdom of Great Britain and Northern Ireland,645,Food supply quantity (kg/capita/yr),S2542,Sugar (Raw Equivalent),2021,2021,kg/cap,27.94,E,Estimated value,
FBS,Food Balances (2010-),826,United Kingdom of Great Britain and Northern Ireland,645,Food supply quantity (kg/capita/yr),S2542,Sugar (Raw Equivalent),2022,2022,kg/cap,24.69,E,Estimated value,
FBS,Food Balances (2010-),826,United Kingdom of Great Britain and Northern Ireland,645,Food supply quantity (kg/capita/yr),S2542,Sugar (Raw Equivalent),2023,2023,kg/cap,29.46,E,Estimated value,
FBS,Food Balances (2010-),834,United Republic of Tanzania,645,Food supply quantity (kg/capita/yr),S2542,Sugar (Raw Equivalent),2019,2019,kg/cap,11.06,E,Estimated value,
FBS,Food Balances (2010-),834,United Republic of Tanzania,645,Food supply quantity (kg/capita/yr),S2542,Sugar (Raw Equivalent),2020,2020,kg/cap,9.4,E,Estimated value,
FBS,Food Balances (2010-),834,United Republic of Tanzania,645,Food supply quantity (kg/capita/yr),S2542,Sugar (Raw Equivalent),2021,2021,kg/cap,10.37,E,Estimated value,
FBS,Food Balances (2010-),834,United Republic of Tanzania,645,Food supply quantity (kg/capita/yr),S2542,Sugar (Raw Equivalent),2022,2022,kg/cap,10.54,E,Estimated value,
FBS,Food Balances (2010-),834,United Republic of Tanzania,645,Food supply quantity (kg/capita/yr),S2542,Sugar (Raw Equivalent),2023,2023,kg/cap,8.94,E,Estimated value,
FBS,Food Balances (2010-),840,United States of America,645,Food supply quantity (kg/capita/yr),S2542,Sugar (Raw Equivalent),2019,2019,kg/cap,32.49,E,Estimated value,
FBS,Food Balances (2010-),840,United States of America,645,Food supply quantity (kg/capita/yr),S2542,Sugar (Raw Equivalent),2020,2020,kg/cap,32.44,E,Estimated value,
FBS,Food Balances (2010-),840,United States of America,645,Food supply quantity (kg/capita/yr),S2542,Sugar (Raw Equivalent),2021,2021,kg/cap,33.29,E,Estimated value,
FBS,Food Balances (2010-),840,United States of America,645,Food supply quantity (kg/capita/yr),S2542,Sugar (Raw Equivalent),2022,2022,kg/cap,33.53,E,Estimated value,
FBS,Food Balances (2010-),840,United States of America,645,Food supply quantity (kg/capita/yr),S2542,Sugar (Raw Equivalent),2023,2023,kg/cap,33.31,E,Estimated value,
FBS,Food Balances (2010-),858,Uruguay,645,Food supply quantity (kg/capita/yr),S2542,Sugar (Raw Equivalent),2019,2019,kg/cap,40.54,E,Estimated value,
FBS,Food Balances (2010-),858,Uruguay,645,Food supply quantity (kg/capita/yr),S2542,Sugar (Raw Equivalent),2020,2020,kg/cap,39.05,E,Estimated value,
FBS,Food Balances (2010-),858,Uruguay,645,Food supply quantity (kg/capita/yr),S2542,Sugar (Raw Equivalent),2021,2021,kg/cap,36.85,E,Estimated value,
FBS,Food Balances (2010-),858,Uruguay,645,Food supply quantity (kg/capita/yr),S2542,Sugar (Raw Equivalent),2022,2022,kg/cap,37.41,E,Estimated value,
FBS,Food Balances (2010-),858,Uruguay,645,Food supply quantity (kg/capita/yr),S2542,Sugar (Raw Equivalent),2023,2023,kg/cap,33.13,E,Estimated value,
FBS,Food Balances (2010-),860,Uzbekistan,645,Food supply quantity (kg/capita/yr),S2542,Sugar (Raw Equivalent),2019,2019,kg/cap,19.52,E,Estimated value,
FBS,Food Balances (2010-),860,Uzbekistan,645,Food supply quantity (kg/capita/yr),S2542,Sugar (Raw Equivalent),2020,2020,kg/cap,19.37,E,Estimated value,
FBS,Food Balances (2010-),860,Uzbekistan,645,Food supply quantity (kg/capita/yr),S2542,Sugar (Raw Equivalent),2021,2021,kg/cap,18.95,E,Estimated value,
FBS,Food Balances (2010-),860,Uzbekistan,645,Food supply quantity (kg/capita/yr),S2542,Sugar (Raw Equivalent),2022,2022,kg/cap,20.68,E,Estimated value,
FBS,Food Balances (2010-),860,Uzbekistan,645,Food supply quantity (kg/capita/yr),S2542,Sugar (Raw Equivalent),2023,2023,kg/cap,18.01,E,Estimated value,
FBS,Food Balances (2010-),548,Vanuatu,645,Food supply quantity (kg/capita/yr),S2542,Sugar (Raw Equivalent),2019,2019,kg/cap,11.62,E,Estimated value,
FBS,Food Balances (2010-),548,Vanuatu,645,Food supply quantity (kg/capita/yr),S2542,Sugar (Raw Equivalent),2020,2020,kg/cap,12.07,E,Estimated value,
FBS,Food Balances (2010-),548,Vanuatu,645,Food supply quantity (kg/capita/yr),S2542,Sugar (Raw Equivalent),2021,2021,kg/cap,14.08,E,Estimated value,
FBS,Food Balances (2010-),548,Vanuatu,645,Food supply quantity (kg/capita/yr),S2542,Sugar (Raw Equivalent),2022,2022,kg/cap,14.35,E,Estimated value,
FBS,Food Balances (2010-),548,Vanuatu,645,Food supply quantity (kg/capita/yr),S2542,Sugar (Raw Equivalent),2023,2023,kg/cap,15.76,E,Estimated value,
FBS,Food Balances (2010-),862,Venezuela (Bolivarian Republic of),645,Food supply quantity (kg/capita/yr),S2542,Sugar (Raw Equivalent),2019,2019,kg/cap,27.14,E,Estimated value,
FBS,Food Balances (2010-),862,Venezuela (Bolivarian Republic of),645,Food supply quantity (kg/capita/yr),S2542,Sugar (Raw Equivalent),2020,2020,kg/cap,28.11,E,Estimated value,
FBS,Food Balances (2010-),862,Venezuela (Bolivarian Republic of),645,Food supply quantity (kg/capita/yr),S2542,Sugar (Raw Equivalent),2021,2021,kg/cap,29.84,E,Estimated value,
FBS,Food Balances (2010-),862,Venezuela (Bolivarian Republic of),645,Food supply quantity (kg/capita/yr),S2542,Sugar (Raw Equivalent),2022,2022,kg/cap,29.34,E,Estimated value,
FBS,Food Balances (2010-),862,Venezuela (Bolivarian Republic of),645,Food supply quantity (kg/capita/yr),S2542,Sugar (Raw Equivalent),2023,2023,kg/cap,32.29,E,Estimated value,
FBS,Food Balances (2010-),704,Viet Nam,645,Food supply quantity (kg/capita/yr),S2542,Sugar (Raw Equivalent),2019,2019,kg/cap,19.91,E,Estimated value,
FBS,Food Balances (2010-),704,Viet Nam,645,Food supply quantity (kg/capita/yr),S2542,Sugar (Raw Equivalent),2020,2020,kg/cap,25.65,E,Estimated value,
FBS,Food Balances (2010-),704,Viet Nam,645,Food supply quantity (kg/capita/yr),S2542,Sugar (Raw Equivalent),2021,2021,kg/cap,25.47,E,Estimated value,
FBS,Food Balances (2010-),704,Viet Nam,645,Food supply quantity (kg/capita/yr),S2542,Sugar (Raw Equivalent),2022,2022,kg/cap,25.04,E,Estimated value,
FBS,Food Balances (2010-),704,Viet Nam,645,Food supply quantity (kg/capita/yr),S2542,Sugar (Raw Equivalent),2023,2023,kg/cap,22.7,E,Estimated value,
FBS,Food Balances (2010-),887,Yemen,645,Food supply quantity (kg/capita/yr),S2542,Sugar (Raw Equivalent),2019,2019,kg/cap,27.13,E,Estimated value,
FBS,Food Balances (2010-),887,Yemen,645,Food supply quantity (kg/capita/yr),S2542,Sugar (Raw Equivalent),2020,2020,kg/cap,26.03,E,Estimated value,
FBS,Food Balances (2010-),887,Yemen,645,Food supply quantity (kg/capita/yr),S2542,Sugar (Raw Equivalent),2021,2021,kg/cap,21.07,E,Estimated value,
FBS,Food Balances (2010-),887,Yemen,645,Food supply quantity (kg/capita/yr),S2542,Sugar (Raw Equivalent),2022,2022,kg/cap,21.9,E,Estimated value,
FBS,Food Balances (2010-),887,Yemen,645,Food supply quantity (kg/capita/yr),S2542,Sugar (Raw Equivalent),2023,2023,kg/cap,23.02,E,Estimated value,
FBS,Food Balances (2010-),894,Zambia,645,Food supply quantity (kg/capita/yr),S2542,Sugar (Raw Equivalent),2019,2019,kg/cap,9.9,E,Estimated value,
FBS,Food Balances (2010-),894,Zambia,645,Food supply quantity (kg/capita/yr),S2542,Sugar (Raw Equivalent),2020,2020,kg/cap,13.69,E,Estimated value,
FBS,Food Balances (2010-),894,Zambia,645,Food supply quantity (kg/capita/yr),S2542,Sugar (Raw Equivalent),2021,2021,kg/cap,9.52,E,Estimated value,
FBS,Food Balances (2010-),894,Zambia,645,Food supply quantity (kg/capita/yr),S2542,Sugar (Raw Equivalent),2022,2022,kg/cap,12.05,E,Estimated value,
FBS,Food Balances (2010-),894,Zambia,645,Food supply quantity (kg/capita/yr),S2542,Sugar (Raw Equivalent),2023,2023,kg/cap,10.06,E,Estimated value,
FBS,Food Balances (2010-),716,Zimbabwe,645,Food supply quantity (kg/capita/yr),S2542,Sugar (Raw Equivalent),2019,2019,kg/cap,15.99,E,Estimated value,
FBS,Food Balances (2010-),716,Zimbabwe,645,Food supply quantity (kg/capita/yr),S2542,Sugar (Raw Equivalent),2020,2020,kg/cap,13.68,E,Estimated value,
FBS,Food Balances (2010-),716,Zimbabwe,645,Food supply quantity (kg/capita/yr),S2542,Sugar (Raw Equivalent),2021,2021,kg/cap,15.41,E,Estimated value,
FBS,Food Balances (2010-),716,Zimbabwe,645,Food supply quantity (kg/capita/yr),S2542,Sugar (Raw Equivalent),2022,2022,kg/cap,15.76,E,Estimated value,
FBS,Food Balances (2010-),716,Zimbabwe,645,Food supply quantity (kg/capita/yr),S2542,Sugar (Raw Equivalent),2023,2023,kg/cap,17.19,E,Estimated value,
