Domain Code,Domain,Area Code (M49),Area,Element Code,Element,Item Code (FBS),Item,Year Code,Year,Unit,Value,Flag,Flag Description,Note
"FBS","Food Balances (2010-)","004","Afghanistan","645","Food supply quantity (kg/capita/yr)","S2543","Sweeteners, Other","2019","2019","kg/cap","0.55","E","Estimated value",""
"FBS","Food Balances (2010-)","004","Afghanistan","645","Food supply quantity (kg/capita/yr)","S2543","Sweeteners, Other","2020","2020","kg/cap","0.52","E","Estimated value",""
"FBS","Food Balances (2010-)","004","Afghanistan","645","Food supply quantity (kg/capita/yr)","S2543","Sweeteners, Other","2021","2021","kg/cap","0.33","E","Estimated value",""
"FBS","Food Balances (2010-)","004","Afghanistan","645","Food supply quantity (kg/capita/yr)","S2543","Sweeteners, Other","2022","2022","kg/cap","0.16","E","Estimated value",""
"FBS","Food Balances (2010-)","004","Afghanistan","645","Food supply quantity (kg/capita/yr)","S2543","Sweeteners, Other","2023","2023","kg/cap","0.22","E","Estimated value",""
"FBS","Food Balances (2010-)","008","Albania","645","Food supply quantity (kg/capita/yr)","S2543","Sweeteners, Other","2019","2019","kg/cap","24.19","E","Estimated value",""
"FBS","Food Balances (2010-)","008","Albania","645","Food supply quantity (kg/capita/yr)","S2543","Sweeteners, Other","2020","2020","kg/cap","21.18","E","Estimated value",""
"FBS","Food Balances (2010-)","008","Albania","645","Food supply quantity (kg/capita/yr)","S2543","Sweeteners, Other","2021","2021","kg/cap","26.34","E","Estimated value",""
"FBS","Food Balances (2010-)","008","Albania","645","Food supply quantity (kg/capita/yr)","S2543","Sweeteners, Other","2022","2022","kg/cap","30.38","E","Estimated value",""
"FBS","Food Balances (2010-)","008","Albania","645","Food supply quantity (kg/capita/yr)","S2543","Sweeteners, Other","2023","2023","kg/cap","31.71","E","Estimated value",""
"FBS","Food Balances (2010-)","012","Algeria","645","Food supply quantity (kg/capita/yr)","S2543","Sweeteners, Other","2019","2019","kg/cap","2.79","E","Estimated value",""
"FBS","Food Balances (2010-)","012","Algeria","645","Food supply quantity (kg/capita/yr)","S2543","Sweeteners, Other","2020","2020","kg/cap","2.95","E","Estimated value",""
"FBS","Food Balances (2010-)","012","Algeria","645","Food supply quantity (kg/capita/yr)","S2543","Sweeteners, Other","2021","2021","kg/cap","3.47","E","Estimated value",""
"FBS","Food Balances (2010-)","012","Algeria","645","Food supply quantity (kg/capita/yr)","S2543","Sweeteners, Other","2022","2022","kg/cap","3.29","E","Estimated value",""
"FBS","Food Balances (2010-)","012","Algeria","645","Food supply quantity (kg/capita/yr)","S2543","Sweeteners, Other","2023","2023","kg/cap","3.17","E","Estimated value",""
"FBS","Food Balances (2010-)","024","Angola","645","Food supply quantity (kg/capita/yr)","S2543","Sweeteners, Other","2019","2019","kg/cap","9.08","E","Estimated value",""
"FBS","Food Balances (2010-)","024","Angola","645","Food supply quantity (kg/capita/yr)","S2543","Sweeteners, Other","2020","2020","kg/cap","7.49","E","Estimated value",""
"FBS","Food Balances (2010-)","024","Angola","645","Food supply quantity (kg/capita/yr)","S2543","Sweeteners, Other","2021","2021","kg/cap","6.93","E","Estimated value",""
"FBS","Food Balances (2010-)","024","Angola","645","Food supply quantity (kg/capita/yr)","S2543","Sweeteners, Other","2022","2022","kg/cap","7.52","E","Estimated value",""
"FBS","Food Balances (2010-)","024","Angola","645","Food supply quantity (kg/capita/yr)","S2543","Sweeteners, Other","2023","2023","kg/cap","5.73","E","Estimated value",""
"FBS","Food Balances (2010-)","028","Antigua and Barbuda","645","Food supply quantity (kg/capita/yr)","S2543","Sweeteners, Other","2019","2019","kg/cap","30.3","E","Estimated value",""
"FBS","Food Balances (2010-)","028","Antigua and Barbuda","645","Food supply quantity (kg/capita/yr)","S2543","Sweeteners, Other","2020","2020","kg/cap","30.49","E","Estimated value",""
"FBS","Food Balances (2010-)","028","Antigua and Barbuda","645","Food supply quantity (kg/capita/yr)","S2543","Sweeteners, Other","2021","2021","kg/cap","25.02","E","Estimated value",""
"FBS","Food Balances (2010-)","028","Antigua and Barbuda","645","Food supply quantity (kg/capita/yr)","S2543","Sweeteners, Other","2022","2022","kg/cap","27.2","E","Estimated value",""
"FBS","Food Balances (2010-)","028","Antigua and Barbuda","645","Food supply quantity (kg/capita/yr)","S2543","Sweeteners, Other","2023","2023","kg/cap","27.77","E","Estimated value",""
"FBS","Food Balances (2010-)","032","Argentina","645","Food supply quantity (kg/capita/yr)","S2543","Sweeteners, Other","2019","2019","kg/cap","8.3","E","Estimated value",""
"FBS","Food Balances (2010-)","032","Argentina","645","Food supply quantity (kg/capita/yr)","S2543","Sweeteners, Other","2020","2020","kg/cap","5.95","E","Estimated value",""
"FBS","Food Balances (2010-)","032","Argentina","645","Food supply quantity (kg/capita/yr)","S2543","Sweeteners, Other","2021","2021","kg/cap","2.63","E","Estimated value",""
"FBS","Food Balances (2010-)","032","Argentina","645","Food supply quantity (kg/capita/yr)","S2543","Sweeteners, Other","2022","2022","kg/cap","5.53","E","Estimated value",""
"FBS","Food Balances (2010-)","032","Argentina","645","Food supply quantity (kg/capita/yr)","S2543","Sweeteners, Other","2023","2023","kg/cap","3.69","E","Estimated value",""
"FBS","Food Balances (2010-)","051","Armenia","645","Food supply quantity (kg/capita/yr)","S2543","Sweeteners, Other","2019","2019","kg/cap","28.66","E","Estimated value",""
"FBS","Food Balances (2010-)","051","Armenia","645","Food supply quantity (kg/capita/yr)","S2543","Sweeteners, Other","2020","2020","kg/cap","21.81","E","Estimated value",""
"FBS","Food Balances (2010-)","051","Armenia","645","Food supply quantity (kg/capita/yr)","S2543","Sweeteners, Other","2021","2021","kg/cap","21.73","E","Estimated value",""
"FBS","Food Balances (2010-)","051","Armenia","645","Food supply quantity (kg/capita/yr)","S2543","Sweeteners, Other","2022","2022","kg/cap","24.46","E","Estimated value",""
"FBS","Food Balances (2010-)","051","Armenia","645","Food supply quantity (kg/capita/yr)","S2543","Sweeteners, Other","2023","2023","kg/cap","33.01","E","Estimated value",""
"FBS","Food Balances (2010-)","036","Australia","645","Food supply quantity (kg/capita/yr)","S2543","Sweeteners, Other","2019","2019","kg/cap","7.35","E","Estimated value",""
"FBS","Food Balances (2010-)","036","Australia","645","Food supply quantity (kg/capita/yr)","S2543","Sweeteners, Other","2020","2020","kg/cap","7.21","E","Estimated value",""
"FBS","Food Balances (2010-)","036","Australia","645","Food supply quantity (kg/capita/yr)","S2543","Sweeteners, Other","2021","2021","kg/cap","7.26","E","Estimated value",""
"FBS","Food Balances (2010-)","036","Australia","645","Food supply quantity (kg/capita/yr)","S2543","Sweeteners, Other","2022","2022","kg/cap","7.68","E","Estimated value",""
"FBS","Food Balances (2010-)","036","Australia","645","Food supply quantity (kg/capita/yr)","S2543","Sweeteners, Other","2023","2023","kg/cap","9.24","E","Estimated value",""
"FBS","Food Balances (2010-)","040","Austria","645","Food supply quantity (kg/capita/yr)","S2543","Sweeteners, Other","2019","2019","kg/cap","3.61","E","Estimated value",""
"FBS","Food Balances (2010-)","040","Austria","645","Food supply quantity (kg/capita/yr)","S2543","Sweeteners, Other","2020","2020","kg/cap","3.01","E","Estimated value",""
"FBS","Food Balances (2010-)","040","Austria","645","Food supply quantity (kg/capita/yr)","S2543","Sweeteners, Other","2021","2021","kg/cap","4.21","E","Estimated value",""
"FBS","Food Balances (2010-)","040","Austria","645","Food supply quantity (kg/capita/yr)","S2543","Sweeteners, Other","2022","2022","kg/cap","4.24","E","Estimated value",""
"FBS","Food Balances (2010-)","040","Austria","645","Food supply quantity (kg/capita/yr)","S2543","Sweeteners, Other","2023","2023","kg/cap","3.7","E","Estimated value",""
"FBS","Food Balances (2010-)","031","Azerbaijan","645","Food supply quantity (kg/capita/yr)","S2543","Sweeteners, Other","2019","2019","kg/cap","31.05","E","Estimated value",""
"FBS","Food Balances (2010-)","031","Azerbaijan","645","Food supply quantity (kg/capita/yr)","S2543","Sweeteners, Other","2020","2020","kg/cap","33","E","Estimated value",""
"FBS","Food Balances (2010-)","031","Azerbaijan","645","Food supply quantity (kg/capita/yr)","S2543","Sweeteners, Other","2021","2021","kg/cap","34.44","E","Estimated value",""
"FBS","Food Balances (2010-)","031","Azerbaijan","645","Food supply quantity (kg/capita/yr)","S2543","Sweeteners, Other","2022","2022","kg/cap","28.4","E","Estimated value",""
"FBS","Food Balances (2010-)","031","Azerbaijan","645","Food supply quantity (kg/capita/yr)","S2543","Sweeteners, Other","2023","2023","kg/cap","26.27","E","Estimated value",""
"FBS","Food Balances (2010-)","044","Bahamas","645","Food supply quantity (kg/capita/yr)","S2543","Sweeteners, Other","2019","2019","kg/cap","24.23","E","Estimated value",""
"FBS","Food Balances (2010-)","044","Bahamas","645","Food supply quantity (kg/capita/yr)","S2543","Sweeteners, Other","2020","2020","kg/cap","19.95","E","Estimated value",""
"FBS","Food Balances (2010-)","044","Bahamas","645","Food supply quantity (kg/capita/yr)","S2543","Sweeteners, Other","2021","2021","kg/cap","21.02","E","Estimated value",""
"FBS","Food Balances (2010-)","044","Bahamas","645","Food supply quantity (kg/capita/yr)","S2543","Sweeteners, Other","2022","2022","kg/cap","40.48","E","Estimated value",""
"FBS","Food Balances (2010-)","044","Bahamas","645","Food supply quantity (kg/capita/yr)","S2543","Sweeteners, Other","2023","2023","kg/cap","57.61","E","Estimated value",""
"FBS","Food Balances (2010-)","048","Bahrain","645","Food supply quantity (kg/capita/yr)","S2543","Sweeteners, Other","2019","2019","kg/cap","6.42","E","Estimated value",""
"FBS","Food Balances (2010-)","048","Bahrain","645","Food supply quantity (kg/capita/yr)","S2543","Sweeteners, Other","2020","2020","kg/cap","8.91","E","Estimated value",""
"FBS","Food Balances (2010-)","048","Bahrain","645","Food supply quantity (kg/capita/yr)","S2543","Sweeteners, Other","2021","2021","kg/cap","17.16","E","Estimated value",""
"FBS","Food Balances (2010-)","048","Bahrain","645","Food supply quantity (kg/capita/yr)","S2543","Sweeteners, Other","2022","2022","kg/cap","13.29","E","Estimated value",""
"FBS","Food Balances (2010-)","048","Bahrain","645","Food supply quantity (kg/capita/yr)","S2543","Sweeteners, Other","2023","2023","kg/cap","9.47","E","Estimated value",""
"FBS","Food Balances (2010-)","050","Bangladesh","645","Food supply quantity (kg/capita/yr)","S2543","Sweeteners, Other","2019","2019","kg/cap","2.88","E","Estimated value",""
"FBS","Food Balances (2010-)","050","Bangladesh","645","Food supply quantity (kg/capita/yr)","S2543","Sweeteners, Other","2020","2020","kg/cap","2.82","E","Estimated value",""
"FBS","Food Balances (2010-)","050","Bangladesh","645","Food supply quantity (kg/capita/yr)","S2543","Sweeteners, Other","2021","2021","kg/cap","2.69","E","Estimated value",""
"FBS","Food Balances (2010-)","050","Bangladesh","645","Food supply quantity (kg/capita/yr)","S2543","Sweeteners, Other","2022","2022","kg/cap","2.69","E","Estimated value",""
"FBS","Food Balances (2010-)","050","Bangladesh","645","Food supply quantity (kg/capita/yr)","S2543","Sweeteners, Other","2023","2023","kg/cap","3.17","E","Estimated value",""
"FBS","Food Balances (2010-)","052","Barbados","645","Food supply quantity (kg/capita/yr)","S2543","Sweeteners, Other","2019","2019","kg/cap","6.73","E","Estimated value",""
"FBS","Food Balances (2010-)","052","Barbados","645","Food supply quantity (kg/capita/yr)","S2543","Sweeteners, Other","2020","2020","kg/cap","9.31","E","Estimated value",""
"FBS","Food Balances (2010-)","052","Barbados","645","Food supply quantity (kg/capita/yr)","S2543","Sweeteners, Other","2021","2021","kg/cap","22.01","E","Estimated value",""
"FBS","Food Balances (2010-)","052","Barbados","645","Food supply quantity (kg/capita/yr)","S2543","Sweeteners, Other","2022","2022","kg/cap","5.49","E","Estimated value",""
"FBS","Food Balances (2010-)","052","Barbados","645","Food supply quantity (kg/capita/yr)","S2543","Sweeteners, Other","2023","2023","kg/cap","11.65","E","Estimated value",""
"FBS","Food Balances (2010-)","112","Belarus","645","Food supply quantity (kg/capita/yr)","S2543","Sweeteners, Other","2019","2019","kg/cap","19.47","E","Estimated value",""
"FBS","Food Balances (2010-)","112","Belarus","645","Food supply quantity (kg/capita/yr)","S2543","Sweeteners, Other","2020","2020","kg/cap","20.19","E","Estimated value",""
"FBS","Food Balances (2010-)","112","Belarus","645","Food supply quantity (kg/capita/yr)","S2543","Sweeteners, Other","2021","2021","kg/cap","25.17","E","Estimated value",""
"FBS","Food Balances (2010-)","112","Belarus","645","Food supply quantity (kg/capita/yr)","S2543","Sweeteners, Other","2022","2022","kg/cap","29.51","E","Estimated value",""
"FBS","Food Balances (2010-)","112","Belarus","645","Food supply quantity (kg/capita/yr)","S2543","Sweeteners, Other","2023","2023","kg/cap","33.17","E","Estimated value",""
"FBS","Food Balances (2010-)","056","Belgium","645","Food supply quantity (kg/capita/yr)","S2543","Sweeteners, Other","2019","2019","kg/cap","10.96","E","Estimated value",""
"FBS","Food Balances (2010-)","056","Belgium","645","Food supply quantity (kg/capita/yr)","S2543","Sweeteners, Other","2020","2020","kg/cap","2.36","E","Estimated value",""
"FBS","Food Balances (2010-)","056","Belgium","645","Food supply quantity (kg/capita/yr)","S2543","Sweeteners, Other","2021","2021","kg/cap","4.56","E","Estimated value",""
"FBS","Food Balances (2010-)","056","Belgium","645","Food supply quantity (kg/capita/yr)","S2543","Sweeteners, Other","2022","2022","kg/cap","2.37","E","Estimated value",""
"FBS","Food Balances (2010-)","056","Belgium","645","Food supply quantity (kg/capita/yr)","S2543","Sweeteners, Other","2023","2023","kg/cap","3.33","E","Estimated value",""
"FBS","Food Balances (2010-)","084","Belize","645","Food supply quantity (kg/capita/yr)","S2543","Sweeteners, Other","2019","2019","kg/cap","5.15","E","Estimated value",""
"FBS","Food Balances (2010-)","084","Belize","645","Food supply quantity (kg/capita/yr)","S2543","Sweeteners, Other","2020","2020","kg/cap","4.02","E","Estimated value",""
"FBS","Food Balances (2010-)","084","Belize","645","Food supply quantity (kg/capita/yr)","S2543","Sweeteners, Other","2021","2021","kg/cap","5.52","E","Estimated value",""
"FBS","Food Balances (2010-)","084","Belize","645","Food supply quantity (kg/capita/yr)","S2543","Sweeteners, Other","2022","2022","kg/cap","5.89","E","Estimated value",""
"FBS","Food Balances (2010-)","084","Belize","645","Food supply quantity (kg/capita/yr)","S2543","Sweeteners, Other","2023","2023","kg/cap","6.33","E","Estimated value",""
"FBS","Food Balances (2010-)","064","Bhutan","645","Food supply quantity (kg/capita/yr)","S2543","Sweeteners, Other","2019","2019","kg/cap","0.76","E","Estimated value",""
"FBS","Food Balances (2010-)","064","Bhutan","645","Food supply quantity (kg/capita/yr)","S2543","Sweeteners, Other","2020","2020","kg/cap","1.09","E","Estimated value",""
"FBS","Food Balances (2010-)","064","Bhutan","645","Food supply quantity (kg/capita/yr)","S2543","Sweeteners, Other","2021","2021","kg/cap","1.12","E","Estimated value",""
"FBS","Food Balances (2010-)","064","Bhutan","645","Food supply quantity (kg/capita/yr)","S2543","Sweeteners, Other","2022","2022","kg/cap","0.42","E","Estimated value",""
"FBS","Food Balances (2010-)","064","Bhutan","645","Food supply quantity (kg/capita/yr)","S2543","Sweeteners, Other","2023","2023","kg/cap","8.27","E","Estimated value",""
"FBS","Food Balances (2010-)","068","Bolivia (Plurinational State of)","645","Food supply quantity (kg/capita/yr)","S2543","Sweeteners, Other","2019","2019","kg/cap","65.59","E","Estimated value",""
"FBS","Food Balances (2010-)","068","Bolivia (Plurinational State of)","645","Food supply quantity (kg/capita/yr)","S2543","Sweeteners, Other","2020","2020","kg/cap","62.68","E","Estimated value",""
"FBS","Food Balances (2010-)","068","Bolivia (Plurinational State of)","645","Food supply quantity (kg/capita/yr)","S2543","Sweeteners, Other","2021","2021","kg/cap","62.43","E","Estimated value",""
"FBS","Food Balances (2010-)","068","Bolivia (Plurinational State of)","645","Food supply quantity (kg/capita/yr)","S2543","Sweeteners, Other","2022","2022","kg/cap","63.97","E","Estimated value",""
"FBS","Food Balances (2010-)","068","Bolivia (Plurinational State of)","645","Food supply quantity (kg/capita/yr)","S2543","Sweeteners, Other","2023","2023","kg/cap","66.82","E","Estimated value",""
"FBS","Food Balances (2010-)","070","Bosnia and Herzegovina","645","Food supply quantity (kg/capita/yr)","S2543","Sweeteners, Other","2019","2019","kg/cap","17.93","E","Estimated value",""
"FBS","Food Balances (2010-)","070","Bosnia and Herzegovina","645","Food supply quantity (kg/capita/yr)","S2543","Sweeteners, Other","2020","2020","kg/cap","17.14","E","Estimated value",""
"FBS","Food Balances (2010-)","070","Bosnia and Herzegovina","645","Food supply quantity (kg/capita/yr)","S2543","Sweeteners, Other","2021","2021","kg/cap","26.27","E","Estimated value",""
"FBS","Food Balances (2010-)","070","Bosnia and Herzegovina","645","Food supply quantity (kg/capita/yr)","S2543","Sweeteners, Other","2022","2022","kg/cap","30.95","E","Estimated value",""
"FBS","Food Balances (2010-)","070","Bosnia and Herzegovina","645","Food supply quantity (kg/capita/yr)","S2543","Sweeteners, Other","2023","2023","kg/cap","33.07","E","Estimated value",""
"FBS","Food Balances (2010-)","072","Botswana","645","Food supply quantity (kg/capita/yr)","S2543","Sweeteners, Other","2019","2019","kg/cap","32.45","E","Estimated value",""
"FBS","Food Balances (2010-)","072","Botswana","645","Food supply quantity (kg/capita/yr)","S2543","Sweeteners, Other","2020","2020","kg/cap","30.88","E","Estimated value",""
"FBS","Food Balances (2010-)","072","Botswana","645","Food supply quantity (kg/capita/yr)","S2543","Sweeteners, Other","2021","2021","kg/cap","33.27","E","Estimated value",""
"FBS","Food Balances (2010-)","072","Botswana","645","Food supply quantity (kg/capita/yr)","S2543","Sweeteners, Other","2022","2022","kg/cap","31.45","E","Estimated value",""
"FBS","Food Balances (2010-)","072","Botswana","645","Food supply quantity (kg/capita/yr)","S2543","Sweeteners, Other","2023","2023","kg/cap","54.73","E","Estimated value",""
"FBS","Food Balances (2010-)","076","Brazil","645","Food supply quantity (kg/capita/yr)","S2543","Sweeteners, Other","2019","2019","kg/cap","1.06","E","Estimated value",""
"FBS","Food Balances (2010-)","076","Brazil","645","Food supply quantity (kg/capita/yr)","S2543","Sweeteners, Other","2020","2020","kg/cap","1.12","E","Estimated value",""
"FBS","Food Balances (2010-)","076","Brazil","645","Food supply quantity (kg/capita/yr)","S2543","Sweeteners, Other","2021","2021","kg/cap","1.27","E","Estimated value",""
"FBS","Food Balances (2010-)","076","Brazil","645","Food supply quantity (kg/capita/yr)","S2543","Sweeteners, Other","2022","2022","kg/cap","1.62","E","Estimated value",""
"FBS","Food Balances (2010-)","076","Brazil","645","Food supply quantity (kg/capita/yr)","S2543","Sweeteners, Other","2023","2023","kg/cap","1.49","E","Estimated value",""
"FBS","Food Balances (2010-)","100","Bulgaria","645","Food supply quantity (kg/capita/yr)","S2543","Sweeteners, Other","2019","2019","kg/cap","7.57","E","Estimated value",""
"FBS","Food Balances (2010-)","100","Bulgaria","645","Food supply quantity (kg/capita/yr)","S2543","Sweeteners, Other","2020","2020","kg/cap","10.18","E","Estimated value",""
"FBS","Food Balances (2010-)","100","Bulgaria","645","Food supply quantity (kg/capita/yr)","S2543","Sweeteners, Other","2021","2021","kg/cap","15.86","E","Estimated value",""
"FBS","Food Balances (2010-)","100","Bulgaria","645","Food supply quantity (kg/capita/yr)","S2543","Sweeteners, Other","2022","2022","kg/cap","21.23","E","Estimated value",""
"FBS","Food Balances (2010-)","100","Bulgaria","645","Food supply quantity (kg/capita/yr)","S2543","Sweeteners, Other","2023","2023","kg/cap","19.14","E","Estimated value",""
"FBS","Food Balances (2010-)","854","Burkina Faso","645","Food supply quantity (kg/capita/yr)","S2543","Sweeteners, Other","2019","2019","kg/cap","0.41","E","Estimated value",""
"FBS","Food Balances (2010-)","854","Burkina Faso","645","Food supply quantity (kg/capita/yr)","S2543","Sweeteners, Other","2020","2020","kg/cap","2.28","E","Estimated value",""
"FBS","Food Balances (2010-)","854","Burkina Faso","645","Food supply quantity (kg/capita/yr)","S2543","Sweeteners, Other","2021","2021","kg/cap","2.9","E","Estimated value",""
"FBS","Food Balances (2010-)","854","Burkina Faso","645","Food supply quantity (kg/capita/yr)","S2543","Sweeteners, Other","2022","2022","kg/cap","3.52","E","Estimated value",""
"FBS","Food Balances (2010-)","854","Burkina Faso","645","Food supply quantity (kg/capita/yr)","S2543","Sweeteners, Other","2023","2023","kg/cap","1.03","E","Estimated value",""
"FBS","Food Balances (2010-)","132","Cabo Verde","645","Food supply quantity (kg/capita/yr)","S2543","Sweeteners, Other","2019","2019","kg/cap","8.49","E","Estimated value",""
"FBS","Food Balances (2010-)","132","Cabo Verde","645","Food supply quantity (kg/capita/yr)","S2543","Sweeteners, Other","2020","2020","kg/cap","7.48","E","Estimated value",""
"FBS","Food Balances (2010-)","132","Cabo Verde","645","Food supply quantity (kg/capita/yr)","S2543","Sweeteners, Other","2021","2021","kg/cap","11.38","E","Estimated value",""
"FBS","Food Balances (2010-)","132","Cabo Verde","645","Food supply quantity (kg/capita/yr)","S2543","Sweeteners, Other","2022","2022","kg/cap","11.17","E","Estimated value",""
"FBS","Food Balances (2010-)","132","Cabo Verde","645","Food supply quantity (kg/capita/yr)","S2543","Sweeteners, Other","2023","2023","kg/cap","14.63","E","Estimated value",""
"FBS","Food Balances (2010-)","116","Cambodia","645","Food supply quantity (kg/capita/yr)","S2543","Sweeteners, Other","2019","2019","kg/cap","22.62","E","Estimated value",""
"FBS","Food Balances (2010-)","116","Cambodia","645","Food supply quantity (kg/capita/yr)","S2543","Sweeteners, Other","2020","2020","kg/cap","22.16","E","Estimated value",""
"FBS","Food Balances (2010-)","116","Cambodia","645","Food supply quantity (kg/capita/yr)","S2543","Sweeteners, Other","2021","2021","kg/cap","19.03","E","Estimated value",""
"FBS","Food Balances (2010-)","116","Cambodia","645","Food supply quantity (kg/capita/yr)","S2543","Sweeteners, Other","2022","2022","kg/cap","17.04","E","Estimated value",""
"FBS","Food Balances (2010-)","116","Cambodia","645","Food supply quantity (kg/capita/yr)","S2543","Sweeteners, Other","2023","2023","kg/cap","25.7","E","Estimated value",""
"FBS","Food Balances (2010-)","120","Cameroon","645","Food supply quantity (kg/capita/yr)","S2543","Sweeteners, Other","2019","2019","kg/cap","0.73","E","Estimated value",""
"FBS","Food Balances (2010-)","120","Cameroon","645","Food supply quantity (kg/capita/yr)","S2543","Sweeteners, Other","2020","2020","kg/cap","1.15","E","Estimated value",""
"FBS","Food Balances (2010-)","120","Cameroon","645","Food supply quantity (kg/capita/yr)","S2543","Sweeteners, Other","2021","2021","kg/cap","1.06","E","Estimated value",""
"FBS","Food Balances (2010-)","120","Cameroon","645","Food supply quantity (kg/capita/yr)","S2543","Sweeteners, Other","2022","2022","kg/cap","1.2","E","Estimated value",""
"FBS","Food Balances (2010-)","120","Cameroon","645","Food supply quantity (kg/capita/yr)","S2543","Sweeteners, Other","2023","2023","kg/cap","1.14","E","Estimated value",""
"FBS","Food Balances (2010-)","124","Canada","645","Food supply quantity (kg/capita/yr)","S2543","Sweeteners, Other","2019","2019","kg/cap","12.55","E","Estimated value",""
"FBS","Food Balances (2010-)","124","Canada","645","Food supply quantity (kg/capita/yr)","S2543","Sweeteners, Other","2020","2020","kg/cap","12.59","E","Estimated value",""
"FBS","Food Balances (2010-)","124","Canada","645","Food supply quantity (kg/capita/yr)","S2543","Sweeteners, Other","2021","2021","kg/cap","13.13","E","Estimated value",""
"FBS","Food Balances (2010-)","124","Canada","645","Food supply quantity (kg/capita/yr)","S2543","Sweeteners, Other","2022","2022","kg/cap","12.39","E","Estimated value",""
"FBS","Food Balances (2010-)","124","Canada","645","Food supply quantity (kg/capita/yr)","S2543","Sweeteners, Other","2023","2023","kg/cap","11.63","E","Estimated value",""
"FBS","Food Balances (2010-)","152","Chile","645","Food supply quantity (kg/capita/yr)","S2543","Sweeteners, Other","2019","2019","kg/cap","3.69","E","Estimated value",""
"FBS","Food Balances (2010-)","152","Chile","645","Food supply quantity (kg/capita/yr)","S2543","Sweeteners, Other","2020","2020","kg/cap","3.9","E","Estimated value",""
"FBS","Food Balances (2010-)","152","Chile","645","Food supply quantity (kg/capita/yr)","S2543","Sweeteners, Other","2021","2021","kg/cap","5.02","E","Estimated value",""
"FBS","Food Balances (2010-)","152","Chile","645","Food supply quantity (kg/capita/yr)","S2543","Sweeteners, Other","2022","2022","kg/cap","5.23","E","Estimated value",""
"FBS","Food Balances (2010-)","152","Chile","645","Food supply quantity (kg/capita/yr)","S2543","Sweeteners, Other","2023","2023","kg/cap","3.99","E","Estimated value",""
"FBS","Food Balances (2010-)","159","China","645","Food supply quantity (kg/capita/yr)","S2543","Sweeteners, Other","2019","2019","kg/cap","1.37","E","Estimated value",""
"FBS","Food Balances (2010-)","159","China","645","Food supply quantity (kg/capita/yr)","S2543","Sweeteners, Other","2020","2020","kg/cap","2.16","E","Estimated value",""
"FBS","Food Balances (2010-)","159","China","645","Food supply quantity (kg/capita/yr)","S2543","Sweeteners, Other","2021","2021","kg/cap","2.29","E","Estimated value",""
"FBS","Food Balances (2010-)","159","China","645","Food supply quantity (kg/capita/yr)","S2543","Sweeteners, Other","2022","2022","kg/cap","2.58","E","Estimated value",""
"FBS","Food Balances (2010-)","159","China","645","Food supply quantity (kg/capita/yr)","S2543","Sweeteners, Other","2023","2023","kg/cap","2.51","E","Estimated value",""
"FBS","Food Balances (2010-)","344","China, Hong Kong SAR","645","Food supply quantity (kg/capita/yr)","S2543","Sweeteners, Other","2019","2019","kg/cap","24.45","E","Estimated value",""
"FBS","Food Balances (2010-)","344","China, Hong Kong SAR","645","Food supply quantity (kg/capita/yr)","S2543","Sweeteners, Other","2020","2020","kg/cap","24.36","E","Estimated value",""
"FBS","Food Balances (2010-)","344","China, Hong Kong SAR","645","Food supply quantity (kg/capita/yr)","S2543","Sweeteners, Other","2021","2021","kg/cap","25.98","E","Estimated value",""
"FBS","Food Balances (2010-)","344","China, Hong Kong SAR","645","Food supply quantity (kg/capita/yr)","S2543","Sweeteners, Other","2022","2022","kg/cap","30.71","E","Estimated value",""
"FBS","Food Balances (2010-)","344","China, Hong Kong SAR","645","Food supply quantity (kg/capita/yr)","S2543","Sweeteners, Other","2023","2023","kg/cap","31.52","E","Estimated value",""
"FBS","Food Balances (2010-)","446","China, Macao SAR","645","Food supply quantity (kg/capita/yr)","S2543","Sweeteners, Other","2019","2019","kg/cap","76.4","E","Estimated value",""
"FBS","Food Balances (2010-)","446","China, Macao SAR","645","Food supply quantity (kg/capita/yr)","S2543","Sweeteners, Other","2020","2020","kg/cap","76.59","E","Estimated value",""
"FBS","Food Balances (2010-)","446","China, Macao SAR","645","Food supply quantity (kg/capita/yr)","S2543","Sweeteners, Other","2021","2021","kg/cap","79.29","E","Estimated value",""
"FBS","Food Balances (2010-)","446","China, Macao SAR","645","Food supply quantity (kg/capita/yr)","S2543","Sweeteners, Other","2022","2022","kg/cap","77.96","E","Estimated value",""
"FBS","Food Balances (2010-)","446","China, Macao SAR","645","Food supply quantity (kg/capita/yr)","S2543","Sweeteners, Other","2023","2023","kg/cap","77.08","E","Estimated value",""
"FBS","Food Balances (2010-)","156","China, mainland","645","Food supply quantity (kg/capita/yr)","S2543","Sweeteners, Other","2019","2019","kg/cap","1.18","E","Estimated value",""
"FBS","Food Balances (2010-)","156","China, mainland","645","Food supply quantity (kg/capita/yr)","S2543","Sweeteners, Other","2020","2020","kg/cap","1.99","E","Estimated value",""
"FBS","Food Balances (2010-)","156","China, mainland","645","Food supply quantity (kg/capita/yr)","S2543","Sweeteners, Other","2021","2021","kg/cap","2.13","E","Estimated value",""
"FBS","Food Balances (2010-)","156","China, mainland","645","Food supply quantity (kg/capita/yr)","S2543","Sweeteners, Other","2022","2022","kg/cap","2.4","E","Estimated value",""
"FBS","Food Balances (2010-)","156","China, mainland","645","Food supply quantity (kg/capita/yr)","S2543","Sweeteners, Other","2023","2023","kg/cap","2.32","E","Estimated value",""
"FBS","Food Balances (2010-)","158","China, Taiwan Province of","645","Food supply quantity (kg/capita/yr)","S2543","Sweeteners, Other","2019","2019","kg/cap","3.46","E","Estimated value",""
"FBS","Food Balances (2010-)","158","China, Taiwan Province of","645","Food supply quantity (kg/capita/yr)","S2543","Sweeteners, Other","2020","2020","kg/cap","3.45","E","Estimated value",""
"FBS","Food Balances (2010-)","158","China, Taiwan Province of","645","Food supply quantity (kg/capita/yr)","S2543","Sweeteners, Other","2021","2021","kg/cap","2.17","E","Estimated value",""
"FBS","Food Balances (2010-)","158","China, Taiwan Province of","645","Food supply quantity (kg/capita/yr)","S2543","Sweeteners, Other","2022","2022","kg/cap","2.05","E","Estimated value",""
"FBS","Food Balances (2010-)","158","China, Taiwan Province of","645","Food supply quantity (kg/capita/yr)","S2543","Sweeteners, Other","2023","2023","kg/cap","2.73","E","Estimated value",""
"FBS","Food Balances (2010-)","170","Colombia","645","Food supply quantity (kg/capita/yr)","S2543","Sweeteners, Other","2019","2019","kg/cap","2.26","E","Estimated value",""
"FBS","Food Balances (2010-)","170","Colombia","645","Food supply quantity (kg/capita/yr)","S2543","Sweeteners, Other","2020","2020","kg/cap","2.55","E","Estimated value",""
"FBS","Food Balances (2010-)","170","Colombia","645","Food supply quantity (kg/capita/yr)","S2543","Sweeteners, Other","2021","2021","kg/cap","2.72","E","Estimated value",""
"FBS","Food Balances (2010-)","170","Colombia","645","Food supply quantity (kg/capita/yr)","S2543","Sweeteners, Other","2022","2022","kg/cap","2.61","E","Estimated value",""
"FBS","Food Balances (2010-)","170","Colombia","645","Food supply quantity (kg/capita/yr)","S2543","Sweeteners, Other","2023","2023","kg/cap","2.16","E","Estimated value",""
"FBS","Food Balances (2010-)","174","Comoros","645","Food supply quantity (kg/capita/yr)","S2543","Sweeteners, Other","2019","2019","kg/cap","7.93","E","Estimated value",""
"FBS","Food Balances (2010-)","174","Comoros","645","Food supply quantity (kg/capita/yr)","S2543","Sweeteners, Other","2020","2020","kg/cap","8.47","E","Estimated value",""
"FBS","Food Balances (2010-)","174","Comoros","645","Food supply quantity (kg/capita/yr)","S2543","Sweeteners, Other","2021","2021","kg/cap","9.49","E","Estimated value",""
"FBS","Food Balances (2010-)","174","Comoros","645","Food supply quantity (kg/capita/yr)","S2543","Sweeteners, Other","2022","2022","kg/cap","12.88","E","Estimated value",""
"FBS","Food Balances (2010-)","174","Comoros","645","Food supply quantity (kg/capita/yr)","S2543","Sweeteners, Other","2023","2023","kg/cap","9.01","E","Estimated value",""
"FBS","Food Balances (2010-)","178","Congo","645","Food supply quantity (kg/capita/yr)","S2543","Sweeteners, Other","2019","2019","kg/cap","0.41","E","Estimated value",""
"FBS","Food Balances (2010-)","178","Congo","645","Food supply quantity (kg/capita/yr)","S2543","Sweeteners, Other","2020","2020","kg/cap","0.38","E","Estimated value",""
"FBS","Food Balances (2010-)","178","Congo","645","Food supply quantity (kg/capita/yr)","S2543","Sweeteners, Other","2021","2021","kg/cap","0.63","E","Estimated value",""
"FBS","Food Balances (2010-)","178","Congo","645","Food supply quantity (kg/capita/yr)","S2543","Sweeteners, Other","2022","2022","kg/cap","1.31","E","Estimated value",""
"FBS","Food Balances (2010-)","178","Congo","645","Food supply quantity (kg/capita/yr)","S2543","Sweeteners, Other","2023","2023","kg/cap","0.91","E","Estimated value",""
"FBS","Food Balances (2010-)","188","Costa Rica","645","Food supply quantity (kg/capita/yr)","S2543","Sweeteners, Other","2019","2019","kg/cap","2.35","E","Estimated value",""
"FBS","Food Balances (2010-)","188","Costa Rica","645","Food supply quantity (kg/capita/yr)","S2543","Sweeteners, Other","2020","2020","kg/cap","1.25","E","Estimated value",""
"FBS","Food Balances (2010-)","188","Costa Rica","645","Food supply quantity (kg/capita/yr)","S2543","Sweeteners, Other","2021","2021","kg/cap","2.54","E","Estimated value",""
"FBS","Food Balances (2010-)","188","Costa Rica","645","Food supply quantity (kg/capita/yr)","S2543","Sweeteners, Other","2022","2022","kg/cap","6.08","E","Estimated value",""
"FBS","Food Balances (2010-)","188","Costa Rica","645","Food supply quantity (kg/capita/yr)","S2543","Sweeteners, Other","2023","2023","kg/cap","7.24","E","Estimated value",""
"FBS","Food Balances (2010-)","384","Côte d'Ivoire","645","Food supply quantity (kg/capita/yr)","S2543","Sweeteners, Other","2019","2019","kg/cap","0.53","E","Estimated value",""
"FBS","Food Balances (2010-)","384","Côte d'Ivoire","645","Food supply quantity (kg/capita/yr)","S2543","Sweeteners, Other","2020","2020","kg/cap","1.53","E","Estimated value",""
"FBS","Food Balances (2010-)","384","Côte d'Ivoire","645","Food supply quantity (kg/capita/yr)","S2543","Sweeteners, Other","2021","2021","kg/cap","2.27","E","Estimated value",""
"FBS","Food Balances (2010-)","384","Côte d'Ivoire","645","Food supply quantity (kg/capita/yr)","S2543","Sweeteners, Other","2022","2022","kg/cap","2.1","E","Estimated value",""
"FBS","Food Balances (2010-)","384","Côte d'Ivoire","645","Food supply quantity (kg/capita/yr)","S2543","Sweeteners, Other","2023","2023","kg/cap","2.26","E","Estimated value",""
"FBS","Food Balances (2010-)","191","Croatia","645","Food supply quantity (kg/capita/yr)","S2543","Sweeteners, Other","2019","2019","kg/cap","53.67","E","Estimated value",""
"FBS","Food Balances (2010-)","191","Croatia","645","Food supply quantity (kg/capita/yr)","S2543","Sweeteners, Other","2020","2020","kg/cap","45.7","E","Estimated value",""
"FBS","Food Balances (2010-)","191","Croatia","645","Food supply quantity (kg/capita/yr)","S2543","Sweeteners, Other","2021","2021","kg/cap","50.16","E","Estimated value",""
"FBS","Food Balances (2010-)","191","Croatia","645","Food supply quantity (kg/capita/yr)","S2543","Sweeteners, Other","2022","2022","kg/cap","42.03","E","Estimated value",""
"FBS","Food Balances (2010-)","191","Croatia","645","Food supply quantity (kg/capita/yr)","S2543","Sweeteners, Other","2023","2023","kg/cap","24.9","E","Estimated value",""
"FBS","Food Balances (2010-)","192","Cuba","645","Food supply quantity (kg/capita/yr)","S2543","Sweeteners, Other","2019","2019","kg/cap","1.47","E","Estimated value",""
"FBS","Food Balances (2010-)","196","Cyprus","645","Food supply quantity (kg/capita/yr)","S2543","Sweeteners, Other","2019","2019","kg/cap","34.92","E","Estimated value",""
"FBS","Food Balances (2010-)","196","Cyprus","645","Food supply quantity (kg/capita/yr)","S2543","Sweeteners, Other","2020","2020","kg/cap","38.48","E","Estimated value",""
"FBS","Food Balances (2010-)","196","Cyprus","645","Food supply quantity (kg/capita/yr)","S2543","Sweeteners, Other","2021","2021","kg/cap","46.01","E","Estimated value",""
"FBS","Food Balances (2010-)","196","Cyprus","645","Food supply quantity (kg/capita/yr)","S2543","Sweeteners, Other","2022","2022","kg/cap","47.07","E","Estimated value",""
"FBS","Food Balances (2010-)","196","Cyprus","645","Food supply quantity (kg/capita/yr)","S2543","Sweeteners, Other","2023","2023","kg/cap","47.04","E","Estimated value",""
"FBS","Food Balances (2010-)","203","Czechia","645","Food supply quantity (kg/capita/yr)","S2543","Sweeteners, Other","2019","2019","kg/cap","11.06","E","Estimated value",""
"FBS","Food Balances (2010-)","203","Czechia","645","Food supply quantity (kg/capita/yr)","S2543","Sweeteners, Other","2020","2020","kg/cap","4.03","E","Estimated value",""
"FBS","Food Balances (2010-)","203","Czechia","645","Food supply quantity (kg/capita/yr)","S2543","Sweeteners, Other","2021","2021","kg/cap","7.15","E","Estimated value",""
"FBS","Food Balances (2010-)","203","Czechia","645","Food supply quantity (kg/capita/yr)","S2543","Sweeteners, Other","2022","2022","kg/cap","11.62","E","Estimated value",""
"FBS","Food Balances (2010-)","203","Czechia","645","Food supply quantity (kg/capita/yr)","S2543","Sweeteners, Other","2023","2023","kg/cap","10.25","E","Estimated value",""
"FBS","Food Balances (2010-)","180","Democratic Republic of the Congo","645","Food supply quantity (kg/capita/yr)","S2543","Sweeteners, Other","2019","2019","kg/cap","0.27","E","Estimated value",""
"FBS","Food Balances (2010-)","180","Democratic Republic of the Congo","645","Food supply quantity (kg/capita/yr)","S2543","Sweeteners, Other","2020","2020","kg/cap","0.13","E","Estimated value",""
"FBS","Food Balances (2010-)","180","Democratic Republic of the Congo","645","Food supply quantity (kg/capita/yr)","S2543","Sweeteners, Other","2021","2021","kg/cap","0.2","E","Estimated value",""
"FBS","Food Balances (2010-)","180","Democratic Republic of the Congo","645","Food supply quantity (kg/capita/yr)","S2543","Sweeteners, Other","2022","2022","kg/cap","0.29","E","Estimated value",""
"FBS","Food Balances (2010-)","180","Democratic Republic of the Congo","645","Food supply quantity (kg/capita/yr)","S2543","Sweeteners, Other","2023","2023","kg/cap","0.06","E","Estimated value",""
"FBS","Food Balances (2010-)","208","Denmark","645","Food supply quantity (kg/capita/yr)","S2543","Sweeteners, Other","2019","2019","kg/cap","12.06","E","Estimated value",""
"FBS","Food Balances (2010-)","208","Denmark","645","Food supply quantity (kg/capita/yr)","S2543","Sweeteners, Other","2020","2020","kg/cap","15.82","E","Estimated value",""
"FBS","Food Balances (2010-)","208","Denmark","645","Food supply quantity (kg/capita/yr)","S2543","Sweeteners, Other","2021","2021","kg/cap","14.87","E","Estimated value",""
"FBS","Food Balances (2010-)","208","Denmark","645","Food supply quantity (kg/capita/yr)","S2543","Sweeteners, Other","2022","2022","kg/cap","15.72","E","Estimated value",""
"FBS","Food Balances (2010-)","208","Denmark","645","Food supply quantity (kg/capita/yr)","S2543","Sweeteners, Other","2023","2023","kg/cap","13.21","E","Estimated value",""
"FBS","Food Balances (2010-)","262","Djibouti","645","Food supply quantity (kg/capita/yr)","S2543","Sweeteners, Other","2019","2019","kg/cap","4.72","E","Estimated value",""
"FBS","Food Balances (2010-)","262","Djibouti","645","Food supply quantity (kg/capita/yr)","S2543","Sweeteners, Other","2020","2020","kg/cap","8.14","E","Estimated value",""
"FBS","Food Balances (2010-)","262","Djibouti","645","Food supply quantity (kg/capita/yr)","S2543","Sweeteners, Other","2021","2021","kg/cap","12.24","E","Estimated value",""
"FBS","Food Balances (2010-)","262","Djibouti","645","Food supply quantity (kg/capita/yr)","S2543","Sweeteners, Other","2022","2022","kg/cap","3.14","E","Estimated value",""
"FBS","Food Balances (2010-)","262","Djibouti","645","Food supply quantity (kg/capita/yr)","S2543","Sweeteners, Other","2023","2023","kg/cap","2.71","E","Estimated value",""
"FBS","Food Balances (2010-)","214","Dominican Republic","645","Food supply quantity (kg/capita/yr)","S2543","Sweeteners, Other","2019","2019","kg/cap","5.39","E","Estimated value",""
"FBS","Food Balances (2010-)","214","Dominican Republic","645","Food supply quantity (kg/capita/yr)","S2543","Sweeteners, Other","2020","2020","kg/cap","4.32","E","Estimated value",""
"FBS","Food Balances (2010-)","214","Dominican Republic","645","Food supply quantity (kg/capita/yr)","S2543","Sweeteners, Other","2021","2021","kg/cap","5.96","E","Estimated value",""
"FBS","Food Balances (2010-)","214","Dominican Republic","645","Food supply quantity (kg/capita/yr)","S2543","Sweeteners, Other","2022","2022","kg/cap","6.47","E","Estimated value",""
"FBS","Food Balances (2010-)","214","Dominican Republic","645","Food supply quantity (kg/capita/yr)","S2543","Sweeteners, Other","2023","2023","kg/cap","6.46","E","Estimated value",""
"FBS","Food Balances (2010-)","218","Ecuador","645","Food supply quantity (kg/capita/yr)","S2543","Sweeteners, Other","2019","2019","kg/cap","56.87","E","Estimated value",""
"FBS","Food Balances (2010-)","218","Ecuador","645","Food supply quantity (kg/capita/yr)","S2543","Sweeteners, Other","2020","2020","kg/cap","56.23","E","Estimated value",""
"FBS","Food Balances (2010-)","218","Ecuador","645","Food supply quantity (kg/capita/yr)","S2543","Sweeteners, Other","2021","2021","kg/cap","58.16","E","Estimated value",""
"FBS","Food Balances (2010-)","218","Ecuador","645","Food supply quantity (kg/capita/yr)","S2543","Sweeteners, Other","2022","2022","kg/cap","73.24","E","Estimated value",""
"FBS","Food Balances (2010-)","218","Ecuador","645","Food supply quantity (kg/capita/yr)","S2543","Sweeteners, Other","2023","2023","kg/cap","73.76","E","Estimated value",""
"FBS","Food Balances (2010-)","818","Egypt","645","Food supply quantity (kg/capita/yr)","S2543","Sweeteners, Other","2019","2019","kg/cap","0.6","E","Estimated value",""
"FBS","Food Balances (2010-)","818","Egypt","645","Food supply quantity (kg/capita/yr)","S2543","Sweeteners, Other","2020","2020","kg/cap","0.87","E","Estimated value",""
"FBS","Food Balances (2010-)","818","Egypt","645","Food supply quantity (kg/capita/yr)","S2543","Sweeteners, Other","2021","2021","kg/cap","0.7","E","Estimated value",""
"FBS","Food Balances (2010-)","818","Egypt","645","Food supply quantity (kg/capita/yr)","S2543","Sweeteners, Other","2022","2022","kg/cap","0.63","E","Estimated value",""
"FBS","Food Balances (2010-)","818","Egypt","645","Food supply quantity (kg/capita/yr)","S2543","Sweeteners, Other","2023","2023","kg/cap","0.83","E","Estimated value",""
"FBS","Food Balances (2010-)","222","El Salvador","645","Food supply quantity (kg/capita/yr)","S2543","Sweeteners, Other","2019","2019","kg/cap","1.99","E","Estimated value",""
"FBS","Food Balances (2010-)","222","El Salvador","645","Food supply quantity (kg/capita/yr)","S2543","Sweeteners, Other","2020","2020","kg/cap","2.16","E","Estimated value",""
"FBS","Food Balances (2010-)","222","El Salvador","645","Food supply quantity (kg/capita/yr)","S2543","Sweeteners, Other","2021","2021","kg/cap","2.44","E","Estimated value",""
"FBS","Food Balances (2010-)","222","El Salvador","645","Food supply quantity (kg/capita/yr)","S2543","Sweeteners, Other","2022","2022","kg/cap","2.45","E","Estimated value",""
"FBS","Food Balances (2010-)","222","El Salvador","645","Food supply quantity (kg/capita/yr)","S2543","Sweeteners, Other","2023","2023","kg/cap","2.3","E","Estimated value",""
"FBS","Food Balances (2010-)","233","Estonia","645","Food supply quantity (kg/capita/yr)","S2543","Sweeteners, Other","2019","2019","kg/cap","34.55","E","Estimated value",""
"FBS","Food Balances (2010-)","233","Estonia","645","Food supply quantity (kg/capita/yr)","S2543","Sweeteners, Other","2020","2020","kg/cap","45.9","E","Estimated value",""
"FBS","Food Balances (2010-)","233","Estonia","645","Food supply quantity (kg/capita/yr)","S2543","Sweeteners, Other","2021","2021","kg/cap","57.29","E","Estimated value",""
"FBS","Food Balances (2010-)","233","Estonia","645","Food supply quantity (kg/capita/yr)","S2543","Sweeteners, Other","2022","2022","kg/cap","63.03","E","Estimated value",""
"FBS","Food Balances (2010-)","233","Estonia","645","Food supply quantity (kg/capita/yr)","S2543","Sweeteners, Other","2023","2023","kg/cap","56.64","E","Estimated value",""
"FBS","Food Balances (2010-)","748","Eswatini","645","Food supply quantity (kg/capita/yr)","S2543","Sweeteners, Other","2019","2019","kg/cap","19.59","E","Estimated value",""
"FBS","Food Balances (2010-)","748","Eswatini","645","Food supply quantity (kg/capita/yr)","S2543","Sweeteners, Other","2020","2020","kg/cap","30.91","E","Estimated value",""
"FBS","Food Balances (2010-)","748","Eswatini","645","Food supply quantity (kg/capita/yr)","S2543","Sweeteners, Other","2021","2021","kg/cap","26.48","E","Estimated value",""
"FBS","Food Balances (2010-)","748","Eswatini","645","Food supply quantity (kg/capita/yr)","S2543","Sweeteners, Other","2022","2022","kg/cap","26.31","E","Estimated value",""
"FBS","Food Balances (2010-)","748","Eswatini","645","Food supply quantity (kg/capita/yr)","S2543","Sweeteners, Other","2023","2023","kg/cap","27.11","E","Estimated value",""
"FBS","Food Balances (2010-)","231","Ethiopia","645","Food supply quantity (kg/capita/yr)","S2543","Sweeteners, Other","2019","2019","kg/cap","0.06","E","Estimated value",""
"FBS","Food Balances (2010-)","231","Ethiopia","645","Food supply quantity (kg/capita/yr)","S2543","Sweeteners, Other","2020","2020","kg/cap","0.07","E","Estimated value",""
"FBS","Food Balances (2010-)","231","Ethiopia","645","Food supply quantity (kg/capita/yr)","S2543","Sweeteners, Other","2021","2021","kg/cap","0.1","E","Estimated value",""
"FBS","Food Balances (2010-)","231","Ethiopia","645","Food supply quantity (kg/capita/yr)","S2543","Sweeteners, Other","2022","2022","kg/cap","0.07","E","Estimated value",""
"FBS","Food Balances (2010-)","231","Ethiopia","645","Food supply quantity (kg/capita/yr)","S2543","Sweeteners, Other","2023","2023","kg/cap","0.03","E","Estimated value",""
"FBS","Food Balances (2010-)","242","Fiji","645","Food supply quantity (kg/capita/yr)","S2543","Sweeteners, Other","2019","2019","kg/cap","98.54","E","Estimated value",""
"FBS","Food Balances (2010-)","242","Fiji","645","Food supply quantity (kg/capita/yr)","S2543","Sweeteners, Other","2020","2020","kg/cap","120.84","E","Estimated value",""
"FBS","Food Balances (2010-)","242","Fiji","645","Food supply quantity (kg/capita/yr)","S2543","Sweeteners, Other","2021","2021","kg/cap","115.17","E","Estimated value",""
"FBS","Food Balances (2010-)","242","Fiji","645","Food supply quantity (kg/capita/yr)","S2543","Sweeteners, Other","2022","2022","kg/cap","77.75","E","Estimated value",""
"FBS","Food Balances (2010-)","242","Fiji","645","Food supply quantity (kg/capita/yr)","S2543","Sweeteners, Other","2023","2023","kg/cap","89.42","E","Estimated value",""
"FBS","Food Balances (2010-)","246","Finland","645","Food supply quantity (kg/capita/yr)","S2543","Sweeteners, Other","2019","2019","kg/cap","15.39","E","Estimated value",""
"FBS","Food Balances (2010-)","246","Finland","645","Food supply quantity (kg/capita/yr)","S2543","Sweeteners, Other","2020","2020","kg/cap","16.44","E","Estimated value",""
"FBS","Food Balances (2010-)","246","Finland","645","Food supply quantity (kg/capita/yr)","S2543","Sweeteners, Other","2021","2021","kg/cap","16.23","E","Estimated value",""
"FBS","Food Balances (2010-)","246","Finland","645","Food supply quantity (kg/capita/yr)","S2543","Sweeteners, Other","2022","2022","kg/cap","20.22","E","Estimated value",""
"FBS","Food Balances (2010-)","246","Finland","645","Food supply quantity (kg/capita/yr)","S2543","Sweeteners, Other","2023","2023","kg/cap","18.82","E","Estimated value",""
"FBS","Food Balances (2010-)","250","France","645","Food supply quantity (kg/capita/yr)","S2543","Sweeteners, Other","2019","2019","kg/cap","0.16","E","Estimated value",""
"FBS","Food Balances (2010-)","250","France","645","Food supply quantity (kg/capita/yr)","S2543","Sweeteners, Other","2020","2020","kg/cap","0.18","E","Estimated value",""
"FBS","Food Balances (2010-)","250","France","645","Food supply quantity (kg/capita/yr)","S2543","Sweeteners, Other","2021","2021","kg/cap","0.31","E","Estimated value",""
"FBS","Food Balances (2010-)","250","France","645","Food supply quantity (kg/capita/yr)","S2543","Sweeteners, Other","2022","2022","kg/cap","0.34","E","Estimated value",""
"FBS","Food Balances (2010-)","250","France","645","Food supply quantity (kg/capita/yr)","S2543","Sweeteners, Other","2023","2023","kg/cap","0.36","E","Estimated value",""
"FBS","Food Balances (2010-)","258","French Polynesia","645","Food supply quantity (kg/capita/yr)","S2543","Sweeteners, Other","2019","2019","kg/cap","17.62","E","Estimated value",""
"FBS","Food Balances (2010-)","258","French Polynesia","645","Food supply quantity (kg/capita/yr)","S2543","Sweeteners, Other","2020","2020","kg/cap","19.84","E","Estimated value",""
"FBS","Food Balances (2010-)","258","French Polynesia","645","Food supply quantity (kg/capita/yr)","S2543","Sweeteners, Other","2021","2021","kg/cap","22.7","E","Estimated value",""
"FBS","Food Balances (2010-)","258","French Polynesia","645","Food supply quantity (kg/capita/yr)","S2543","Sweeteners, Other","2022","2022","kg/cap","22.35","E","Estimated value",""
"FBS","Food Balances (2010-)","258","French Polynesia","645","Food supply quantity (kg/capita/yr)","S2543","Sweeteners, Other","2023","2023","kg/cap","13.21","E","Estimated value",""
"FBS","Food Balances (2010-)","266","Gabon","645","Food supply quantity (kg/capita/yr)","S2543","Sweeteners, Other","2019","2019","kg/cap","3.4","E","Estimated value",""
"FBS","Food Balances (2010-)","266","Gabon","645","Food supply quantity (kg/capita/yr)","S2543","Sweeteners, Other","2020","2020","kg/cap","2.84","E","Estimated value",""
"FBS","Food Balances (2010-)","266","Gabon","645","Food supply quantity (kg/capita/yr)","S2543","Sweeteners, Other","2021","2021","kg/cap","4.16","E","Estimated value",""
"FBS","Food Balances (2010-)","266","Gabon","645","Food supply quantity (kg/capita/yr)","S2543","Sweeteners, Other","2022","2022","kg/cap","4.39","E","Estimated value",""
"FBS","Food Balances (2010-)","266","Gabon","645","Food supply quantity (kg/capita/yr)","S2543","Sweeteners, Other","2023","2023","kg/cap","7.42","E","Estimated value",""
"FBS","Food Balances (2010-)","270","Gambia","645","Food supply quantity (kg/capita/yr)","S2543","Sweeteners, Other","2019","2019","kg/cap","28.19","E","Estimated value",""
"FBS","Food Balances (2010-)","270","Gambia","645","Food supply quantity (kg/capita/yr)","S2543","Sweeteners, Other","2020","2020","kg/cap","25.64","E","Estimated value",""
"FBS","Food Balances (2010-)","270","Gambia","645","Food supply quantity (kg/capita/yr)","S2543","Sweeteners, Other","2021","2021","kg/cap","26.7","E","Estimated value",""
"FBS","Food Balances (2010-)","270","Gambia","645","Food supply quantity (kg/capita/yr)","S2543","Sweeteners, Other","2022","2022","kg/cap","26.03","E","Estimated value",""
"FBS","Food Balances (2010-)","270","Gambia","645","Food supply quantity (kg/capita/yr)","S2543","Sweeteners, Other","2023","2023","kg/cap","17.58","E","Estimated value",""
"FBS","Food Balances (2010-)","268","Georgia","645","Food supply quantity (kg/capita/yr)","S2543","Sweeteners, Other","2019","2019","kg/cap","6.51","E","Estimated value",""
"FBS","Food Balances (2010-)","268","Georgia","645","Food supply quantity (kg/capita/yr)","S2543","Sweeteners, Other","2020","2020","kg/cap","6.23","E","Estimated value",""
"FBS","Food Balances (2010-)","268","Georgia","645","Food supply quantity (kg/capita/yr)","S2543","Sweeteners, Other","2021","2021","kg/cap","6.3","E","Estimated value",""
"FBS","Food Balances (2010-)","268","Georgia","645","Food supply quantity (kg/capita/yr)","S2543","Sweeteners, Other","2022","2022","kg/cap","3.79","E","Estimated value",""
"FBS","Food Balances (2010-)","268","Georgia","645","Food supply quantity (kg/capita/yr)","S2543","Sweeteners, Other","2023","2023","kg/cap","1.78","E","Estimated value",""
"FBS","Food Balances (2010-)","276","Germany","645","Food supply quantity (kg/capita/yr)","S2543","Sweeteners, Other","2019","2019","kg/cap","6.99","E","Estimated value",""
"FBS","Food Balances (2010-)","276","Germany","645","Food supply quantity (kg/capita/yr)","S2543","Sweeteners, Other","2020","2020","kg/cap","7.07","E","Estimated value",""
"FBS","Food Balances (2010-)","276","Germany","645","Food supply quantity (kg/capita/yr)","S2543","Sweeteners, Other","2021","2021","kg/cap","7.2","E","Estimated value",""
"FBS","Food Balances (2010-)","276","Germany","645","Food supply quantity (kg/capita/yr)","S2543","Sweeteners, Other","2022","2022","kg/cap","7.96","E","Estimated value",""
"FBS","Food Balances (2010-)","276","Germany","645","Food supply quantity (kg/capita/yr)","S2543","Sweeteners, Other","2023","2023","kg/cap","7.68","E","Estimated value",""
"FBS","Food Balances (2010-)","288","Ghana","645","Food supply quantity (kg/capita/yr)","S2543","Sweeteners, Other","2019","2019","kg/cap","2.25","E","Estimated value",""
"FBS","Food Balances (2010-)","288","Ghana","645","Food supply quantity (kg/capita/yr)","S2543","Sweeteners, Other","2020","2020","kg/cap","1.94","E","Estimated value",""
"FBS","Food Balances (2010-)","288","Ghana","645","Food supply quantity (kg/capita/yr)","S2543","Sweeteners, Other","2021","2021","kg/cap","2.08","E","Estimated value",""
"FBS","Food Balances (2010-)","288","Ghana","645","Food supply quantity (kg/capita/yr)","S2543","Sweeteners, Other","2022","2022","kg/cap","1.15","E","Estimated value",""
"FBS","Food Balances (2010-)","288","Ghana","645","Food supply quantity (kg/capita/yr)","S2543","Sweeteners, Other","2023","2023","kg/cap","0.59","E","Estimated value",""
"FBS","Food Balances (2010-)","300","Greece","645","Food supply quantity (kg/capita/yr)","S2543","Sweeteners, Other","2019","2019","kg/cap","4.92","E","Estimated value",""
"FBS","Food Balances (2010-)","300","Greece","645","Food supply quantity (kg/capita/yr)","S2543","Sweeteners, Other","2020","2020","kg/cap","4.77","E","Estimated value",""
"FBS","Food Balances (2010-)","300","Greece","645","Food supply quantity (kg/capita/yr)","S2543","Sweeteners, Other","2021","2021","kg/cap","5.92","E","Estimated value",""
"FBS","Food Balances (2010-)","300","Greece","645","Food supply quantity (kg/capita/yr)","S2543","Sweeteners, Other","2022","2022","kg/cap","6.95","E","Estimated value",""
"FBS","Food Balances (2010-)","300","Greece","645","Food supply quantity (kg/capita/yr)","S2543","Sweeteners, Other","2023","2023","kg/cap","6.41","E","Estimated value",""
"FBS","Food Balances (2010-)","308","Grenada","645","Food supply quantity (kg/capita/yr)","S2543","Sweeteners, Other","2019","2019","kg/cap","18.06","E","Estimated value",""
"FBS","Food Balances (2010-)","308","Grenada","645","Food supply quantity (kg/capita/yr)","S2543","Sweeteners, Other","2020","2020","kg/cap","20.15","E","Estimated value",""
"FBS","Food Balances (2010-)","308","Grenada","645","Food supply quantity (kg/capita/yr)","S2543","Sweeteners, Other","2021","2021","kg/cap","2.73","E","Estimated value",""
"FBS","Food Balances (2010-)","308","Grenada","645","Food supply quantity (kg/capita/yr)","S2543","Sweeteners, Other","2022","2022","kg/cap","14.8","E","Estimated value",""
"FBS","Food Balances (2010-)","308","Grenada","645","Food supply quantity (kg/capita/yr)","S2543","Sweeteners, Other","2023","2023","kg/cap","17.96","E","Estimated value",""
"FBS","Food Balances (2010-)","320","Guatemala","645","Food supply quantity (kg/capita/yr)","S2543","Sweeteners, Other","2019","2019","kg/cap","3.17","E","Estimated value",""
"FBS","Food Balances (2010-)","320","Guatemala","645","Food supply quantity (kg/capita/yr)","S2543","Sweeteners, Other","2020","2020","kg/cap","3.29","E","Estimated value",""
"FBS","Food Balances (2010-)","320","Guatemala","645","Food supply quantity (kg/capita/yr)","S2543","Sweeteners, Other","2021","2021","kg/cap","3.68","E","Estimated value",""
"FBS","Food Balances (2010-)","320","Guatemala","645","Food supply quantity (kg/capita/yr)","S2543","Sweeteners, Other","2022","2022","kg/cap","37.3","E","Estimated value",""
"FBS","Food Balances (2010-)","320","Guatemala","645","Food supply quantity (kg/capita/yr)","S2543","Sweeteners, Other","2023","2023","kg/cap","30.88","E","Estimated value",""
"FBS","Food Balances (2010-)","324","Guinea","645","Food supply quantity (kg/capita/yr)","S2543","Sweeteners, Other","2019","2019","kg/cap","2.22","E","Estimated value",""
"FBS","Food Balances (2010-)","324","Guinea","645","Food supply quantity (kg/capita/yr)","S2543","Sweeteners, Other","2020","2020","kg/cap","1.47","E","Estimated value",""
"FBS","Food Balances (2010-)","324","Guinea","645","Food supply quantity (kg/capita/yr)","S2543","Sweeteners, Other","2021","2021","kg/cap","1.31","E","Estimated value",""
"FBS","Food Balances (2010-)","324","Guinea","645","Food supply quantity (kg/capita/yr)","S2543","Sweeteners, Other","2022","2022","kg/cap","0.9","E","Estimated value",""
"FBS","Food Balances (2010-)","324","Guinea","645","Food supply quantity (kg/capita/yr)","S2543","Sweeteners, Other","2023","2023","kg/cap","1.09","E","Estimated value",""
"FBS","Food Balances (2010-)","624","Guinea-Bissau","645","Food supply quantity (kg/capita/yr)","S2543","Sweeteners, Other","2019","2019","kg/cap","4.95","E","Estimated value",""
"FBS","Food Balances (2010-)","624","Guinea-Bissau","645","Food supply quantity (kg/capita/yr)","S2543","Sweeteners, Other","2020","2020","kg/cap","4.53","E","Estimated value",""
"FBS","Food Balances (2010-)","624","Guinea-Bissau","645","Food supply quantity (kg/capita/yr)","S2543","Sweeteners, Other","2021","2021","kg/cap","8.31","E","Estimated value",""
"FBS","Food Balances (2010-)","624","Guinea-Bissau","645","Food supply quantity (kg/capita/yr)","S2543","Sweeteners, Other","2022","2022","kg/cap","9.7","E","Estimated value",""
"FBS","Food Balances (2010-)","624","Guinea-Bissau","645","Food supply quantity (kg/capita/yr)","S2543","Sweeteners, Other","2023","2023","kg/cap","5.89","E","Estimated value",""
"FBS","Food Balances (2010-)","328","Guyana","645","Food supply quantity (kg/capita/yr)","S2543","Sweeteners, Other","2019","2019","kg/cap","22.1","E","Estimated value",""
"FBS","Food Balances (2010-)","328","Guyana","645","Food supply quantity (kg/capita/yr)","S2543","Sweeteners, Other","2020","2020","kg/cap","19.52","E","Estimated value",""
"FBS","Food Balances (2010-)","328","Guyana","645","Food supply quantity (kg/capita/yr)","S2543","Sweeteners, Other","2021","2021","kg/cap","39.46","E","Estimated value",""
"FBS","Food Balances (2010-)","328","Guyana","645","Food supply quantity (kg/capita/yr)","S2543","Sweeteners, Other","2022","2022","kg/cap","48.2","E","Estimated value",""
"FBS","Food Balances (2010-)","328","Guyana","645","Food supply quantity (kg/capita/yr)","S2543","Sweeteners, Other","2023","2023","kg/cap","45.76","E","Estimated value",""
"FBS","Food Balances (2010-)","332","Haiti","645","Food supply quantity (kg/capita/yr)","S2543","Sweeteners, Other","2019","2019","kg/cap","2.14","E","Estimated value",""
"FBS","Food Balances (2010-)","332","Haiti","645","Food supply quantity (kg/capita/yr)","S2543","Sweeteners, Other","2020","2020","kg/cap","1.8","E","Estimated value",""
"FBS","Food Balances (2010-)","332","Haiti","645","Food supply quantity (kg/capita/yr)","S2543","Sweeteners, Other","2021","2021","kg/cap","1.69","E","Estimated value",""
"FBS","Food Balances (2010-)","332","Haiti","645","Food supply quantity (kg/capita/yr)","S2543","Sweeteners, Other","2022","2022","kg/cap","1.26","E","Estimated value",""
"FBS","Food Balances (2010-)","332","Haiti","645","Food supply quantity (kg/capita/yr)","S2543","Sweeteners, Other","2023","2023","kg/cap","1.05","E","Estimated value",""
"FBS","Food Balances (2010-)","340","Honduras","645","Food supply quantity (kg/capita/yr)","S2543","Sweeteners, Other","2019","2019","kg/cap","17.51","E","Estimated value",""
"FBS","Food Balances (2010-)","340","Honduras","645","Food supply quantity (kg/capita/yr)","S2543","Sweeteners, Other","2020","2020","kg/cap","16.92","E","Estimated value",""
"FBS","Food Balances (2010-)","340","Honduras","645","Food supply quantity (kg/capita/yr)","S2543","Sweeteners, Other","2021","2021","kg/cap","17.65","E","Estimated value",""
"FBS","Food Balances (2010-)","340","Honduras","645","Food supply quantity (kg/capita/yr)","S2543","Sweeteners, Other","2022","2022","kg/cap","22.39","E","Estimated value",""
"FBS","Food Balances (2010-)","340","Honduras","645","Food supply quantity (kg/capita/yr)","S2543","Sweeteners, Other","2023","2023","kg/cap","21.25","E","Estimated value",""
"FBS","Food Balances (2010-)","348","Hungary","645","Food supply quantity (kg/capita/yr)","S2543","Sweeteners, Other","2019","2019","kg/cap","25.73","E","Estimated value",""
"FBS","Food Balances (2010-)","348","Hungary","645","Food supply quantity (kg/capita/yr)","S2543","Sweeteners, Other","2020","2020","kg/cap","26.82","E","Estimated value",""
"FBS","Food Balances (2010-)","348","Hungary","645","Food supply quantity (kg/capita/yr)","S2543","Sweeteners, Other","2021","2021","kg/cap","25.47","E","Estimated value",""
"FBS","Food Balances (2010-)","348","Hungary","645","Food supply quantity (kg/capita/yr)","S2543","Sweeteners, Other","2022","2022","kg/cap","15.23","E","Estimated value",""
"FBS","Food Balances (2010-)","348","Hungary","645","Food supply quantity (kg/capita/yr)","S2543","Sweeteners, Other","2023","2023","kg/cap","24.66","E","Estimated value",""
"FBS","Food Balances (2010-)","352","Iceland","645","Food supply quantity (kg/capita/yr)","S2543","Sweeteners, Other","2019","2019","kg/cap","47.51","E","Estimated value",""
"FBS","Food Balances (2010-)","352","Iceland","645","Food supply quantity (kg/capita/yr)","S2543","Sweeteners, Other","2020","2020","kg/cap","57.92","E","Estimated value",""
"FBS","Food Balances (2010-)","352","Iceland","645","Food supply quantity (kg/capita/yr)","S2543","Sweeteners, Other","2021","2021","kg/cap","62.31","E","Estimated value",""
"FBS","Food Balances (2010-)","352","Iceland","645","Food supply quantity (kg/capita/yr)","S2543","Sweeteners, Other","2022","2022","kg/cap","73.28","E","Estimated value",""
"FBS","Food Balances (2010-)","352","Iceland","645","Food supply quantity (kg/capita/yr)","S2543","Sweeteners, Other","2023","2023","kg/cap","72.56","E","Estimated value",""
"FBS","Food Balances (2010-)","356","India","645","Food supply quantity (kg/capita/yr)","S2543","Sweeteners, Other","2019","2019","kg/cap","0.36","E","Estimated value",""
"FBS","Food Balances (2010-)","356","India","645","Food supply quantity (kg/capita/yr)","S2543","Sweeteners, Other","2020","2020","kg/cap","0.22","E","Estimated value",""
"FBS","Food Balances (2010-)","356","India","645","Food supply quantity (kg/capita/yr)","S2543","Sweeteners, Other","2021","2021","kg/cap","0.12","E","Estimated value",""
"FBS","Food Balances (2010-)","356","India","645","Food supply quantity (kg/capita/yr)","S2543","Sweeteners, Other","2022","2022","kg/cap","0.19","E","Estimated value",""
"FBS","Food Balances (2010-)","356","India","645","Food supply quantity (kg/capita/yr)","S2543","Sweeteners, Other","2023","2023","kg/cap","0.32","E","Estimated value",""
"FBS","Food Balances (2010-)","360","Indonesia","645","Food supply quantity (kg/capita/yr)","S2543","Sweeteners, Other","2019","2019","kg/cap","1.24","E","Estimated value",""
"FBS","Food Balances (2010-)","360","Indonesia","645","Food supply quantity (kg/capita/yr)","S2543","Sweeteners, Other","2020","2020","kg/cap","1.98","E","Estimated value",""
"FBS","Food Balances (2010-)","360","Indonesia","645","Food supply quantity (kg/capita/yr)","S2543","Sweeteners, Other","2021","2021","kg/cap","1.69","E","Estimated value",""
"FBS","Food Balances (2010-)","360","Indonesia","645","Food supply quantity (kg/capita/yr)","S2543","Sweeteners, Other","2022","2022","kg/cap","1.85","E","Estimated value",""
"FBS","Food Balances (2010-)","360","Indonesia","645","Food supply quantity (kg/capita/yr)","S2543","Sweeteners, Other","2023","2023","kg/cap","1.98","E","Estimated value",""
"FBS","Food Balances (2010-)","364","Iran (Islamic Republic of)","645","Food supply quantity (kg/capita/yr)","S2543","Sweeteners, Other","2019","2019","kg/cap","3","E","Estimated value",""
"FBS","Food Balances (2010-)","364","Iran (Islamic Republic of)","645","Food supply quantity (kg/capita/yr)","S2543","Sweeteners, Other","2020","2020","kg/cap","5.65","E","Estimated value",""
"FBS","Food Balances (2010-)","364","Iran (Islamic Republic of)","645","Food supply quantity (kg/capita/yr)","S2543","Sweeteners, Other","2021","2021","kg/cap","3.88","E","Estimated value",""
"FBS","Food Balances (2010-)","364","Iran (Islamic Republic of)","645","Food supply quantity (kg/capita/yr)","S2543","Sweeteners, Other","2022","2022","kg/cap","4.07","E","Estimated value",""
"FBS","Food Balances (2010-)","364","Iran (Islamic Republic of)","645","Food supply quantity (kg/capita/yr)","S2543","Sweeteners, Other","2023","2023","kg/cap","4.06","E","Estimated value",""
"FBS","Food Balances (2010-)","368","Iraq","645","Food supply quantity (kg/capita/yr)","S2543","Sweeteners, Other","2019","2019","kg/cap","3.58","E","Estimated value",""
"FBS","Food Balances (2010-)","368","Iraq","645","Food supply quantity (kg/capita/yr)","S2543","Sweeteners, Other","2020","2020","kg/cap","2.6","E","Estimated value",""
"FBS","Food Balances (2010-)","368","Iraq","645","Food supply quantity (kg/capita/yr)","S2543","Sweeteners, Other","2021","2021","kg/cap","2.16","E","Estimated value",""
"FBS","Food Balances (2010-)","368","Iraq","645","Food supply quantity (kg/capita/yr)","S2543","Sweeteners, Other","2022","2022","kg/cap","42.88","E","Estimated value",""
"FBS","Food Balances (2010-)","368","Iraq","645","Food supply quantity (kg/capita/yr)","S2543","Sweeteners, Other","2023","2023","kg/cap","42.22","E","Estimated value",""
"FBS","Food Balances (2010-)","372","Ireland","645","Food supply quantity (kg/capita/yr)","S2543","Sweeteners, Other","2019","2019","kg/cap","47.39","E","Estimated value",""
"FBS","Food Balances (2010-)","372","Ireland","645","Food supply quantity (kg/capita/yr)","S2543","Sweeteners, Other","2020","2020","kg/cap","55.01","E","Estimated value",""
"FBS","Food Balances (2010-)","372","Ireland","645","Food supply quantity (kg/capita/yr)","S2543","Sweeteners, Other","2021","2021","kg/cap","55.22","E","Estimated value",""
"FBS","Food Balances (2010-)","372","Ireland","645","Food supply quantity (kg/capita/yr)","S2543","Sweeteners, Other","2022","2022","kg/cap","56.79","E","Estimated value",""
"FBS","Food Balances (2010-)","372","Ireland","645","Food supply quantity (kg/capita/yr)","S2543","Sweeteners, Other","2023","2023","kg/cap","66.71","E","Estimated value",""
"FBS","Food Balances (2010-)","376","Israel","645","Food supply quantity (kg/capita/yr)","S2543","Sweeteners, Other","2019","2019","kg/cap","15.83","E","Estimated value",""
"FBS","Food Balances (2010-)","376","Israel","645","Food supply quantity (kg/capita/yr)","S2543","Sweeteners, Other","2020","2020","kg/cap","17.41","E","Estimated value",""
"FBS","Food Balances (2010-)","376","Israel","645","Food supply quantity (kg/capita/yr)","S2543","Sweeteners, Other","2021","2021","kg/cap","15.18","E","Estimated value",""
"FBS","Food Balances (2010-)","376","Israel","645","Food supply quantity (kg/capita/yr)","S2543","Sweeteners, Other","2022","2022","kg/cap","18.07","E","Estimated value",""
"FBS","Food Balances (2010-)","376","Israel","645","Food supply quantity (kg/capita/yr)","S2543","Sweeteners, Other","2023","2023","kg/cap","16.33","E","Estimated value",""
"FBS","Food Balances (2010-)","380","Italy","645","Food supply quantity (kg/capita/yr)","S2543","Sweeteners, Other","2019","2019","kg/cap","1.23","E","Estimated value",""
"FBS","Food Balances (2010-)","380","Italy","645","Food supply quantity (kg/capita/yr)","S2543","Sweeteners, Other","2020","2020","kg/cap","2.03","E","Estimated value",""
"FBS","Food Balances (2010-)","380","Italy","645","Food supply quantity (kg/capita/yr)","S2543","Sweeteners, Other","2021","2021","kg/cap","2.34","E","Estimated value",""
"FBS","Food Balances (2010-)","380","Italy","645","Food supply quantity (kg/capita/yr)","S2543","Sweeteners, Other","2022","2022","kg/cap","3.12","E","Estimated value",""
"FBS","Food Balances (2010-)","380","Italy","645","Food supply quantity (kg/capita/yr)","S2543","Sweeteners, Other","2023","2023","kg/cap","4.19","E","Estimated value",""
"FBS","Food Balances (2010-)","388","Jamaica","645","Food supply quantity (kg/capita/yr)","S2543","Sweeteners, Other","2019","2019","kg/cap","15.35","E","Estimated value",""
"FBS","Food Balances (2010-)","388","Jamaica","645","Food supply quantity (kg/capita/yr)","S2543","Sweeteners, Other","2020","2020","kg/cap","12.56","E","Estimated value",""
"FBS","Food Balances (2010-)","388","Jamaica","645","Food supply quantity (kg/capita/yr)","S2543","Sweeteners, Other","2021","2021","kg/cap","10.2","E","Estimated value",""
"FBS","Food Balances (2010-)","388","Jamaica","645","Food supply quantity (kg/capita/yr)","S2543","Sweeteners, Other","2022","2022","kg/cap","12.14","E","Estimated value",""
"FBS","Food Balances (2010-)","388","Jamaica","645","Food supply quantity (kg/capita/yr)","S2543","Sweeteners, Other","2023","2023","kg/cap","12.34","E","Estimated value",""
"FBS","Food Balances (2010-)","400","Jordan","645","Food supply quantity (kg/capita/yr)","S2543","Sweeteners, Other","2019","2019","kg/cap","12.72","E","Estimated value",""
"FBS","Food Balances (2010-)","400","Jordan","645","Food supply quantity (kg/capita/yr)","S2543","Sweeteners, Other","2020","2020","kg/cap","14.08","E","Estimated value",""
"FBS","Food Balances (2010-)","400","Jordan","645","Food supply quantity (kg/capita/yr)","S2543","Sweeteners, Other","2021","2021","kg/cap","14.34","E","Estimated value",""
"FBS","Food Balances (2010-)","400","Jordan","645","Food supply quantity (kg/capita/yr)","S2543","Sweeteners, Other","2022","2022","kg/cap","59.47","E","Estimated value",""
"FBS","Food Balances (2010-)","400","Jordan","645","Food supply quantity (kg/capita/yr)","S2543","Sweeteners, Other","2023","2023","kg/cap","50.13","E","Estimated value",""
"FBS","Food Balances (2010-)","398","Kazakhstan","645","Food supply quantity (kg/capita/yr)","S2543","Sweeteners, Other","2019","2019","kg/cap","1.65","E","Estimated value",""
"FBS","Food Balances (2010-)","398","Kazakhstan","645","Food supply quantity (kg/capita/yr)","S2543","Sweeteners, Other","2020","2020","kg/cap","4.14","E","Estimated value",""
"FBS","Food Balances (2010-)","398","Kazakhstan","645","Food supply quantity (kg/capita/yr)","S2543","Sweeteners, Other","2021","2021","kg/cap","6.68","E","Estimated value",""
"FBS","Food Balances (2010-)","398","Kazakhstan","645","Food supply quantity (kg/capita/yr)","S2543","Sweeteners, Other","2022","2022","kg/cap","1.73","E","Estimated value",""
"FBS","Food Balances (2010-)","398","Kazakhstan","645","Food supply quantity (kg/capita/yr)","S2543","Sweeteners, Other","2023","2023","kg/cap","0.52","E","Estimated value",""
"FBS","Food Balances (2010-)","404","Kenya","645","Food supply quantity (kg/capita/yr)","S2543","Sweeteners, Other","2019","2019","kg/cap","1.67","E","Estimated value",""
"FBS","Food Balances (2010-)","404","Kenya","645","Food supply quantity (kg/capita/yr)","S2543","Sweeteners, Other","2020","2020","kg/cap","1.02","E","Estimated value",""
"FBS","Food Balances (2010-)","404","Kenya","645","Food supply quantity (kg/capita/yr)","S2543","Sweeteners, Other","2021","2021","kg/cap","1.34","E","Estimated value",""
"FBS","Food Balances (2010-)","404","Kenya","645","Food supply quantity (kg/capita/yr)","S2543","Sweeteners, Other","2022","2022","kg/cap","1.3","E","Estimated value",""
"FBS","Food Balances (2010-)","404","Kenya","645","Food supply quantity (kg/capita/yr)","S2543","Sweeteners, Other","2023","2023","kg/cap","0.85","E","Estimated value",""
"FBS","Food Balances (2010-)","296","Kiribati","645","Food supply quantity (kg/capita/yr)","S2543","Sweeteners, Other","2019","2019","kg/cap","3.45","E","Estimated value",""
"FBS","Food Balances (2010-)","296","Kiribati","645","Food supply quantity (kg/capita/yr)","S2543","Sweeteners, Other","2020","2020","kg/cap","2.83","E","Estimated value",""
"FBS","Food Balances (2010-)","296","Kiribati","645","Food supply quantity (kg/capita/yr)","S2543","Sweeteners, Other","2021","2021","kg/cap","7.95","E","Estimated value",""
"FBS","Food Balances (2010-)","296","Kiribati","645","Food supply quantity (kg/capita/yr)","S2543","Sweeteners, Other","2022","2022","kg/cap","7.1","E","Estimated value",""
"FBS","Food Balances (2010-)","296","Kiribati","645","Food supply quantity (kg/capita/yr)","S2543","Sweeteners, Other","2023","2023","kg/cap","9.48","E","Estimated value",""
"FBS","Food Balances (2010-)","414","Kuwait","645","Food supply quantity (kg/capita/yr)","S2543","Sweeteners, Other","2019","2019","kg/cap","6.02","E","Estimated value",""
"FBS","Food Balances (2010-)","414","Kuwait","645","Food supply quantity (kg/capita/yr)","S2543","Sweeteners, Other","2020","2020","kg/cap","5.71","E","Estimated value",""
"FBS","Food Balances (2010-)","414","Kuwait","645","Food supply quantity (kg/capita/yr)","S2543","Sweeteners, Other","2021","2021","kg/cap","5.88","E","Estimated value",""
"FBS","Food Balances (2010-)","414","Kuwait","645","Food supply quantity (kg/capita/yr)","S2543","Sweeteners, Other","2022","2022","kg/cap","15.92","E","Estimated value",""
"FBS","Food Balances (2010-)","414","Kuwait","645","Food supply quantity (kg/capita/yr)","S2543","Sweeteners, Other","2023","2023","kg/cap","14.51","E","Estimated value",""
"FBS","Food Balances (2010-)","417","Kyrgyzstan","645","Food supply quantity (kg/capita/yr)","S2543","Sweeteners, Other","2019","2019","kg/cap","29.03","E","Estimated value",""
"FBS","Food Balances (2010-)","417","Kyrgyzstan","645","Food supply quantity (kg/capita/yr)","S2543","Sweeteners, Other","2020","2020","kg/cap","27.45","E","Estimated value",""
"FBS","Food Balances (2010-)","417","Kyrgyzstan","645","Food supply quantity (kg/capita/yr)","S2543","Sweeteners, Other","2021","2021","kg/cap","27.15","E","Estimated value",""
"FBS","Food Balances (2010-)","417","Kyrgyzstan","645","Food supply quantity (kg/capita/yr)","S2543","Sweeteners, Other","2022","2022","kg/cap","34.47","E","Estimated value",""
"FBS","Food Balances (2010-)","417","Kyrgyzstan","645","Food supply quantity (kg/capita/yr)","S2543","Sweeteners, Other","2023","2023","kg/cap","38.56","E","Estimated value",""
"FBS","Food Balances (2010-)","418","Lao People's Democratic Republic","645","Food supply quantity (kg/capita/yr)","S2543","Sweeteners, Other","2019","2019","kg/cap","13.69","E","Estimated value",""
"FBS","Food Balances (2010-)","418","Lao People's Democratic Republic","645","Food supply quantity (kg/capita/yr)","S2543","Sweeteners, Other","2020","2020","kg/cap","16.53","E","Estimated value",""
"FBS","Food Balances (2010-)","418","Lao People's Democratic Republic","645","Food supply quantity (kg/capita/yr)","S2543","Sweeteners, Other","2021","2021","kg/cap","23.81","E","Estimated value",""
"FBS","Food Balances (2010-)","418","Lao People's Democratic Republic","645","Food supply quantity (kg/capita/yr)","S2543","Sweeteners, Other","2022","2022","kg/cap","0.04","E","Estimated value",""
"FBS","Food Balances (2010-)","418","Lao People's Democratic Republic","645","Food supply quantity (kg/capita/yr)","S2543","Sweeteners, Other","2023","2023","kg/cap","0.41","E","Estimated value",""
"FBS","Food Balances (2010-)","428","Latvia","645","Food supply quantity (kg/capita/yr)","S2543","Sweeteners, Other","2019","2019","kg/cap","27.33","E","Estimated value",""
"FBS","Food Balances (2010-)","428","Latvia","645","Food supply quantity (kg/capita/yr)","S2543","Sweeteners, Other","2020","2020","kg/cap","29.47","E","Estimated value",""
"FBS","Food Balances (2010-)","428","Latvia","645","Food supply quantity (kg/capita/yr)","S2543","Sweeteners, Other","2021","2021","kg/cap","33.24","E","Estimated value",""
"FBS","Food Balances (2010-)","428","Latvia","645","Food supply quantity (kg/capita/yr)","S2543","Sweeteners, Other","2022","2022","kg/cap","36.51","E","Estimated value",""
"FBS","Food Balances (2010-)","428","Latvia","645","Food supply quantity (kg/capita/yr)","S2543","Sweeteners, Other","2023","2023","kg/cap","33.95","E","Estimated value",""
"FBS","Food Balances (2010-)","422","Lebanon","645","Food supply quantity (kg/capita/yr)","S2543","Sweeteners, Other","2019","2019","kg/cap","33.76","E","Estimated value",""
"FBS","Food Balances (2010-)","422","Lebanon","645","Food supply quantity (kg/capita/yr)","S2543","Sweeteners, Other","2020","2020","kg/cap","37.99","E","Estimated value",""
"FBS","Food Balances (2010-)","422","Lebanon","645","Food supply quantity (kg/capita/yr)","S2543","Sweeteners, Other","2021","2021","kg/cap","38.49","E","Estimated value",""
"FBS","Food Balances (2010-)","422","Lebanon","645","Food supply quantity (kg/capita/yr)","S2543","Sweeteners, Other","2022","2022","kg/cap","37.53","E","Estimated value",""
"FBS","Food Balances (2010-)","422","Lebanon","645","Food supply quantity (kg/capita/yr)","S2543","Sweeteners, Other","2023","2023","kg/cap","27.21","E","Estimated value",""
"FBS","Food Balances (2010-)","426","Lesotho","645","Food supply quantity (kg/capita/yr)","S2543","Sweeteners, Other","2019","2019","kg/cap","20.68","E","Estimated value",""
"FBS","Food Balances (2010-)","426","Lesotho","645","Food supply quantity (kg/capita/yr)","S2543","Sweeteners, Other","2020","2020","kg/cap","15.08","E","Estimated value",""
"FBS","Food Balances (2010-)","426","Lesotho","645","Food supply quantity (kg/capita/yr)","S2543","Sweeteners, Other","2021","2021","kg/cap","24.16","E","Estimated value",""
"FBS","Food Balances (2010-)","426","Lesotho","645","Food supply quantity (kg/capita/yr)","S2543","Sweeteners, Other","2022","2022","kg/cap","16.89","E","Estimated value",""
"FBS","Food Balances (2010-)","426","Lesotho","645","Food supply quantity (kg/capita/yr)","S2543","Sweeteners, Other","2023","2023","kg/cap","17.9","E","Estimated value",""
"FBS","Food Balances (2010-)","430","Liberia","645","Food supply quantity (kg/capita/yr)","S2543","Sweeteners, Other","2019","2019","kg/cap","2.62","E","Estimated value",""
"FBS","Food Balances (2010-)","430","Liberia","645","Food supply quantity (kg/capita/yr)","S2543","Sweeteners, Other","2020","2020","kg/cap","2.1","E","Estimated value",""
"FBS","Food Balances (2010-)","430","Liberia","645","Food supply quantity (kg/capita/yr)","S2543","Sweeteners, Other","2021","2021","kg/cap","2.29","E","Estimated value",""
"FBS","Food Balances (2010-)","430","Liberia","645","Food supply quantity (kg/capita/yr)","S2543","Sweeteners, Other","2022","2022","kg/cap","1.38","E","Estimated value",""
"FBS","Food Balances (2010-)","430","Liberia","645","Food supply quantity (kg/capita/yr)","S2543","Sweeteners, Other","2023","2023","kg/cap","1.19","E","Estimated value",""
"FBS","Food Balances (2010-)","434","Libya","645","Food supply quantity (kg/capita/yr)","S2543","Sweeteners, Other","2019","2019","kg/cap","14.35","E","Estimated value",""
"FBS","Food Balances (2010-)","434","Libya","645","Food supply quantity (kg/capita/yr)","S2543","Sweeteners, Other","2020","2020","kg/cap","12.85","E","Estimated value",""
"FBS","Food Balances (2010-)","434","Libya","645","Food supply quantity (kg/capita/yr)","S2543","Sweeteners, Other","2021","2021","kg/cap","12.81","E","Estimated value",""
"FBS","Food Balances (2010-)","434","Libya","645","Food supply quantity (kg/capita/yr)","S2543","Sweeteners, Other","2022","2022","kg/cap","8.93","E","Estimated value",""
"FBS","Food Balances (2010-)","434","Libya","645","Food supply quantity (kg/capita/yr)","S2543","Sweeteners, Other","2023","2023","kg/cap","9.46","E","Estimated value",""
"FBS","Food Balances (2010-)","440","Lithuania","645","Food supply quantity (kg/capita/yr)","S2543","Sweeteners, Other","2019","2019","kg/cap","62.85","E","Estimated value",""
"FBS","Food Balances (2010-)","440","Lithuania","645","Food supply quantity (kg/capita/yr)","S2543","Sweeteners, Other","2020","2020","kg/cap","68.7","E","Estimated value",""
"FBS","Food Balances (2010-)","440","Lithuania","645","Food supply quantity (kg/capita/yr)","S2543","Sweeteners, Other","2021","2021","kg/cap","64.28","E","Estimated value",""
"FBS","Food Balances (2010-)","440","Lithuania","645","Food supply quantity (kg/capita/yr)","S2543","Sweeteners, Other","2022","2022","kg/cap","65.52","E","Estimated value",""
"FBS","Food Balances (2010-)","440","Lithuania","645","Food supply quantity (kg/capita/yr)","S2543","Sweeteners, Other","2023","2023","kg/cap","68.74","E","Estimated value",""
"FBS","Food Balances (2010-)","442","Luxembourg","645","Food supply quantity (kg/capita/yr)","S2543","Sweeteners, Other","2019","2019","kg/cap","142.91","E","Estimated value",""
"FBS","Food Balances (2010-)","442","Luxembourg","645","Food supply quantity (kg/capita/yr)","S2543","Sweeteners, Other","2020","2020","kg/cap","145.21","E","Estimated value",""
"FBS","Food Balances (2010-)","442","Luxembourg","645","Food supply quantity (kg/capita/yr)","S2543","Sweeteners, Other","2021","2021","kg/cap","150.09","E","Estimated value",""
"FBS","Food Balances (2010-)","442","Luxembourg","645","Food supply quantity (kg/capita/yr)","S2543","Sweeteners, Other","2022","2022","kg/cap","152.49","E","Estimated value",""
"FBS","Food Balances (2010-)","442","Luxembourg","645","Food supply quantity (kg/capita/yr)","S2543","Sweeteners, Other","2023","2023","kg/cap","167.25","E","Estimated value",""
"FBS","Food Balances (2010-)","450","Madagascar","645","Food supply quantity (kg/capita/yr)","S2543","Sweeteners, Other","2019","2019","kg/cap","0.5","E","Estimated value",""
"FBS","Food Balances (2010-)","450","Madagascar","645","Food supply quantity (kg/capita/yr)","S2543","Sweeteners, Other","2020","2020","kg/cap","0.44","E","Estimated value",""
"FBS","Food Balances (2010-)","450","Madagascar","645","Food supply quantity (kg/capita/yr)","S2543","Sweeteners, Other","2021","2021","kg/cap","0.46","E","Estimated value",""
"FBS","Food Balances (2010-)","450","Madagascar","645","Food supply quantity (kg/capita/yr)","S2543","Sweeteners, Other","2022","2022","kg/cap","0.43","E","Estimated value",""
"FBS","Food Balances (2010-)","450","Madagascar","645","Food supply quantity (kg/capita/yr)","S2543","Sweeteners, Other","2023","2023","kg/cap","0.44","E","Estimated value",""
"FBS","Food Balances (2010-)","454","Malawi","645","Food supply quantity (kg/capita/yr)","S2543","Sweeteners, Other","2019","2019","kg/cap","0.61","E","Estimated value",""
"FBS","Food Balances (2010-)","454","Malawi","645","Food supply quantity (kg/capita/yr)","S2543","Sweeteners, Other","2020","2020","kg/cap","0.73","E","Estimated value",""
"FBS","Food Balances (2010-)","454","Malawi","645","Food supply quantity (kg/capita/yr)","S2543","Sweeteners, Other","2021","2021","kg/cap","0.91","E","Estimated value",""
"FBS","Food Balances (2010-)","454","Malawi","645","Food supply quantity (kg/capita/yr)","S2543","Sweeteners, Other","2022","2022","kg/cap","0.48","E","Estimated value",""
"FBS","Food Balances (2010-)","454","Malawi","645","Food supply quantity (kg/capita/yr)","S2543","Sweeteners, Other","2023","2023","kg/cap","0.53","E","Estimated value",""
"FBS","Food Balances (2010-)","458","Malaysia","645","Food supply quantity (kg/capita/yr)","S2543","Sweeteners, Other","2019","2019","kg/cap","1.27","E","Estimated value",""
"FBS","Food Balances (2010-)","458","Malaysia","645","Food supply quantity (kg/capita/yr)","S2543","Sweeteners, Other","2020","2020","kg/cap","1.23","E","Estimated value",""
"FBS","Food Balances (2010-)","458","Malaysia","645","Food supply quantity (kg/capita/yr)","S2543","Sweeteners, Other","2021","2021","kg/cap","1.71","E","Estimated value",""
"FBS","Food Balances (2010-)","458","Malaysia","645","Food supply quantity (kg/capita/yr)","S2543","Sweeteners, Other","2022","2022","kg/cap","1.88","E","Estimated value",""
"FBS","Food Balances (2010-)","458","Malaysia","645","Food supply quantity (kg/capita/yr)","S2543","Sweeteners, Other","2023","2023","kg/cap","3.72","E","Estimated value",""
"FBS","Food Balances (2010-)","462","Maldives","645","Food supply quantity (kg/capita/yr)","S2543","Sweeteners, Other","2019","2019","kg/cap","7.25","E","Estimated value",""
"FBS","Food Balances (2010-)","462","Maldives","645","Food supply quantity (kg/capita/yr)","S2543","Sweeteners, Other","2020","2020","kg/cap","5.99","E","Estimated value",""
"FBS","Food Balances (2010-)","462","Maldives","645","Food supply quantity (kg/capita/yr)","S2543","Sweeteners, Other","2021","2021","kg/cap","8.82","E","Estimated value",""
"FBS","Food Balances (2010-)","462","Maldives","645","Food supply quantity (kg/capita/yr)","S2543","Sweeteners, Other","2022","2022","kg/cap","10.69","E","Estimated value",""
"FBS","Food Balances (2010-)","462","Maldives","645","Food supply quantity (kg/capita/yr)","S2543","Sweeteners, Other","2023","2023","kg/cap","7.54","E","Estimated value",""
"FBS","Food Balances (2010-)","470","Malta","645","Food supply quantity (kg/capita/yr)","S2543","Sweeteners, Other","2019","2019","kg/cap","46.94","E","Estimated value",""
"FBS","Food Balances (2010-)","470","Malta","645","Food supply quantity (kg/capita/yr)","S2543","Sweeteners, Other","2020","2020","kg/cap","32.55","E","Estimated value",""
"FBS","Food Balances (2010-)","470","Malta","645","Food supply quantity (kg/capita/yr)","S2543","Sweeteners, Other","2021","2021","kg/cap","47.22","E","Estimated value",""
"FBS","Food Balances (2010-)","470","Malta","645","Food supply quantity (kg/capita/yr)","S2543","Sweeteners, Other","2022","2022","kg/cap","43.72","E","Estimated value",""
"FBS","Food Balances (2010-)","470","Malta","645","Food supply quantity (kg/capita/yr)","S2543","Sweeteners, Other","2023","2023","kg/cap","47.74","E","Estimated value",""
"FBS","Food Balances (2010-)","584","Marshall Islands","645","Food supply quantity (kg/capita/yr)","S2543","Sweeteners, Other","2019","2019","kg/cap","42.86","E","Estimated value",""
"FBS","Food Balances (2010-)","584","Marshall Islands","645","Food supply quantity (kg/capita/yr)","S2543","Sweeteners, Other","2020","2020","kg/cap","48.72","E","Estimated value",""
"FBS","Food Balances (2010-)","584","Marshall Islands","645","Food supply quantity (kg/capita/yr)","S2543","Sweeteners, Other","2021","2021","kg/cap","54.98","E","Estimated value",""
"FBS","Food Balances (2010-)","584","Marshall Islands","645","Food supply quantity (kg/capita/yr)","S2543","Sweeteners, Other","2022","2022","kg/cap","55.94","E","Estimated value",""
"FBS","Food Balances (2010-)","584","Marshall Islands","645","Food supply quantity (kg/capita/yr)","S2543","Sweeteners, Other","2023","2023","kg/cap","52.04","E","Estimated value",""
"FBS","Food Balances (2010-)","478","Mauritania","645","Food supply quantity (kg/capita/yr)","S2543","Sweeteners, Other","2019","2019","kg/cap","1.53","E","Estimated value",""
"FBS","Food Balances (2010-)","478","Mauritania","645","Food supply quantity (kg/capita/yr)","S2543","Sweeteners, Other","2020","2020","kg/cap","1.53","E","Estimated value",""
"FBS","Food Balances (2010-)","478","Mauritania","645","Food supply quantity (kg/capita/yr)","S2543","Sweeteners, Other","2021","2021","kg/cap","1.92","E","Estimated value",""
"FBS","Food Balances (2010-)","478","Mauritania","645","Food supply quantity (kg/capita/yr)","S2543","Sweeteners, Other","2022","2022","kg/cap","2.38","E","Estimated value",""
"FBS","Food Balances (2010-)","478","Mauritania","645","Food supply quantity (kg/capita/yr)","S2543","Sweeteners, Other","2023","2023","kg/cap","0.09","E","Estimated value",""
"FBS","Food Balances (2010-)","480","Mauritius","645","Food supply quantity (kg/capita/yr)","S2543","Sweeteners, Other","2019","2019","kg/cap","12.81","E","Estimated value",""
"FBS","Food Balances (2010-)","480","Mauritius","645","Food supply quantity (kg/capita/yr)","S2543","Sweeteners, Other","2020","2020","kg/cap","11.75","E","Estimated value",""
"FBS","Food Balances (2010-)","480","Mauritius","645","Food supply quantity (kg/capita/yr)","S2543","Sweeteners, Other","2021","2021","kg/cap","10.21","E","Estimated value",""
"FBS","Food Balances (2010-)","480","Mauritius","645","Food supply quantity (kg/capita/yr)","S2543","Sweeteners, Other","2022","2022","kg/cap","12.05","E","Estimated value",""
"FBS","Food Balances (2010-)","480","Mauritius","645","Food supply quantity (kg/capita/yr)","S2543","Sweeteners, Other","2023","2023","kg/cap","9.77","E","Estimated value",""
"FBS","Food Balances (2010-)","484","Mexico","645","Food supply quantity (kg/capita/yr)","S2543","Sweeteners, Other","2019","2019","kg/cap","9.8","E","Estimated value",""
"FBS","Food Balances (2010-)","484","Mexico","645","Food supply quantity (kg/capita/yr)","S2543","Sweeteners, Other","2020","2020","kg/cap","7.58","E","Estimated value",""
"FBS","Food Balances (2010-)","484","Mexico","645","Food supply quantity (kg/capita/yr)","S2543","Sweeteners, Other","2021","2021","kg/cap","7.04","E","Estimated value",""
"FBS","Food Balances (2010-)","484","Mexico","645","Food supply quantity (kg/capita/yr)","S2543","Sweeteners, Other","2022","2022","kg/cap","5.83","E","Estimated value",""
"FBS","Food Balances (2010-)","484","Mexico","645","Food supply quantity (kg/capita/yr)","S2543","Sweeteners, Other","2023","2023","kg/cap","6.08","E","Estimated value",""
"FBS","Food Balances (2010-)","583","Micronesia (Federated States of)","645","Food supply quantity (kg/capita/yr)","S2543","Sweeteners, Other","2019","2019","kg/cap","22.78","E","Estimated value",""
"FBS","Food Balances (2010-)","583","Micronesia (Federated States of)","645","Food supply quantity (kg/capita/yr)","S2543","Sweeteners, Other","2020","2020","kg/cap","27.13","E","Estimated value",""
"FBS","Food Balances (2010-)","583","Micronesia (Federated States of)","645","Food supply quantity (kg/capita/yr)","S2543","Sweeteners, Other","2021","2021","kg/cap","30.86","E","Estimated value",""
"FBS","Food Balances (2010-)","583","Micronesia (Federated States of)","645","Food supply quantity (kg/capita/yr)","S2543","Sweeteners, Other","2022","2022","kg/cap","29.3","E","Estimated value",""
"FBS","Food Balances (2010-)","583","Micronesia (Federated States of)","645","Food supply quantity (kg/capita/yr)","S2543","Sweeteners, Other","2023","2023","kg/cap","34.12","E","Estimated value",""
"FBS","Food Balances (2010-)","496","Mongolia","645","Food supply quantity (kg/capita/yr)","S2543","Sweeteners, Other","2019","2019","kg/cap","63.59","E","Estimated value",""
"FBS","Food Balances (2010-)","496","Mongolia","645","Food supply quantity (kg/capita/yr)","S2543","Sweeteners, Other","2020","2020","kg/cap","62.43","E","Estimated value",""
"FBS","Food Balances (2010-)","496","Mongolia","645","Food supply quantity (kg/capita/yr)","S2543","Sweeteners, Other","2021","2021","kg/cap","69.76","E","Estimated value",""
"FBS","Food Balances (2010-)","496","Mongolia","645","Food supply quantity (kg/capita/yr)","S2543","Sweeteners, Other","2022","2022","kg/cap","73.34","E","Estimated value",""
"FBS","Food Balances (2010-)","496","Mongolia","645","Food supply quantity (kg/capita/yr)","S2543","Sweeteners, Other","2023","2023","kg/cap","78.25","E","Estimated value",""
"FBS","Food Balances (2010-)","499","Montenegro","645","Food supply quantity (kg/capita/yr)","S2543","Sweeteners, Other","2019","2019","kg/cap","99.18","E","Estimated value",""
"FBS","Food Balances (2010-)","499","Montenegro","645","Food supply quantity (kg/capita/yr)","S2543","Sweeteners, Other","2020","2020","kg/cap","89.95","E","Estimated value",""
"FBS","Food Balances (2010-)","499","Montenegro","645","Food supply quantity (kg/capita/yr)","S2543","Sweeteners, Other","2021","2021","kg/cap","93.34","E","Estimated value",""
"FBS","Food Balances (2010-)","499","Montenegro","645","Food supply quantity (kg/capita/yr)","S2543","Sweeteners, Other","2022","2022","kg/cap","94.56","E","Estimated value",""
"FBS","Food Balances (2010-)","499","Montenegro","645","Food supply quantity (kg/capita/yr)","S2543","Sweeteners, Other","2023","2023","kg/cap","108.02","E","Estimated value",""
"FBS","Food Balances (2010-)","504","Morocco","645","Food supply quantity (kg/capita/yr)","S2543","Sweeteners, Other","2019","2019","kg/cap","0.58","E","Estimated value",""
"FBS","Food Balances (2010-)","504","Morocco","645","Food supply quantity (kg/capita/yr)","S2543","Sweeteners, Other","2020","2020","kg/cap","0.96","E","Estimated value",""
"FBS","Food Balances (2010-)","504","Morocco","645","Food supply quantity (kg/capita/yr)","S2543","Sweeteners, Other","2021","2021","kg/cap","1.14","E","Estimated value",""
"FBS","Food Balances (2010-)","504","Morocco","645","Food supply quantity (kg/capita/yr)","S2543","Sweeteners, Other","2022","2022","kg/cap","1.16","E","Estimated value",""
"FBS","Food Balances (2010-)","504","Morocco","645","Food supply quantity (kg/capita/yr)","S2543","Sweeteners, Other","2023","2023","kg/cap","1.31","E","Estimated value",""
"FBS","Food Balances (2010-)","508","Mozambique","645","Food supply quantity (kg/capita/yr)","S2543","Sweeteners, Other","2019","2019","kg/cap","0.23","E","Estimated value",""
"FBS","Food Balances (2010-)","508","Mozambique","645","Food supply quantity (kg/capita/yr)","S2543","Sweeteners, Other","2020","2020","kg/cap","0.32","E","Estimated value",""
"FBS","Food Balances (2010-)","508","Mozambique","645","Food supply quantity (kg/capita/yr)","S2543","Sweeteners, Other","2021","2021","kg/cap","0.42","E","Estimated value",""
"FBS","Food Balances (2010-)","508","Mozambique","645","Food supply quantity (kg/capita/yr)","S2543","Sweeteners, Other","2022","2022","kg/cap","0.81","E","Estimated value",""
"FBS","Food Balances (2010-)","508","Mozambique","645","Food supply quantity (kg/capita/yr)","S2543","Sweeteners, Other","2023","2023","kg/cap","0.98","E","Estimated value",""
"FBS","Food Balances (2010-)","104","Myanmar","645","Food supply quantity (kg/capita/yr)","S2543","Sweeteners, Other","2019","2019","kg/cap","10.69","E","Estimated value",""
"FBS","Food Balances (2010-)","104","Myanmar","645","Food supply quantity (kg/capita/yr)","S2543","Sweeteners, Other","2020","2020","kg/cap","10.05","E","Estimated value",""
"FBS","Food Balances (2010-)","104","Myanmar","645","Food supply quantity (kg/capita/yr)","S2543","Sweeteners, Other","2021","2021","kg/cap","9.59","E","Estimated value",""
"FBS","Food Balances (2010-)","104","Myanmar","645","Food supply quantity (kg/capita/yr)","S2543","Sweeteners, Other","2022","2022","kg/cap","9.71","E","Estimated value",""
"FBS","Food Balances (2010-)","104","Myanmar","645","Food supply quantity (kg/capita/yr)","S2543","Sweeteners, Other","2023","2023","kg/cap","8.65","E","Estimated value",""
"FBS","Food Balances (2010-)","516","Namibia","645","Food supply quantity (kg/capita/yr)","S2543","Sweeteners, Other","2019","2019","kg/cap","30.69","E","Estimated value",""
"FBS","Food Balances (2010-)","516","Namibia","645","Food supply quantity (kg/capita/yr)","S2543","Sweeteners, Other","2020","2020","kg/cap","29.76","E","Estimated value",""
"FBS","Food Balances (2010-)","516","Namibia","645","Food supply quantity (kg/capita/yr)","S2543","Sweeteners, Other","2021","2021","kg/cap","34.99","E","Estimated value",""
"FBS","Food Balances (2010-)","516","Namibia","645","Food supply quantity (kg/capita/yr)","S2543","Sweeteners, Other","2022","2022","kg/cap","35.31","E","Estimated value",""
"FBS","Food Balances (2010-)","516","Namibia","645","Food supply quantity (kg/capita/yr)","S2543","Sweeteners, Other","2023","2023","kg/cap","47.82","E","Estimated value",""
"FBS","Food Balances (2010-)","520","Naoero","645","Food supply quantity (kg/capita/yr)","S2543","Sweeteners, Other","2019","2019","kg/cap","49.22","E","Estimated value",""
"FBS","Food Balances (2010-)","520","Naoero","645","Food supply quantity (kg/capita/yr)","S2543","Sweeteners, Other","2020","2020","kg/cap","49.53","E","Estimated value",""
"FBS","Food Balances (2010-)","520","Naoero","645","Food supply quantity (kg/capita/yr)","S2543","Sweeteners, Other","2021","2021","kg/cap","50.7","E","Estimated value",""
"FBS","Food Balances (2010-)","520","Naoero","645","Food supply quantity (kg/capita/yr)","S2543","Sweeteners, Other","2022","2022","kg/cap","45.78","E","Estimated value",""
"FBS","Food Balances (2010-)","520","Naoero","645","Food supply quantity (kg/capita/yr)","S2543","Sweeteners, Other","2023","2023","kg/cap","48.18","E","Estimated value",""
"FBS","Food Balances (2010-)","524","Nepal","645","Food supply quantity (kg/capita/yr)","S2543","Sweeteners, Other","2019","2019","kg/cap","3.13","E","Estimated value",""
"FBS","Food Balances (2010-)","524","Nepal","645","Food supply quantity (kg/capita/yr)","S2543","Sweeteners, Other","2020","2020","kg/cap","3.57","E","Estimated value",""
"FBS","Food Balances (2010-)","524","Nepal","645","Food supply quantity (kg/capita/yr)","S2543","Sweeteners, Other","2021","2021","kg/cap","3.52","E","Estimated value",""
"FBS","Food Balances (2010-)","524","Nepal","645","Food supply quantity (kg/capita/yr)","S2543","Sweeteners, Other","2022","2022","kg/cap","3.14","E","Estimated value",""
"FBS","Food Balances (2010-)","524","Nepal","645","Food supply quantity (kg/capita/yr)","S2543","Sweeteners, Other","2023","2023","kg/cap","0.57","E","Estimated value",""
"FBS","Food Balances (2010-)","528","Netherlands (Kingdom of the)","645","Food supply quantity (kg/capita/yr)","S2543","Sweeteners, Other","2019","2019","kg/cap","6.93","E","Estimated value",""
"FBS","Food Balances (2010-)","528","Netherlands (Kingdom of the)","645","Food supply quantity (kg/capita/yr)","S2543","Sweeteners, Other","2020","2020","kg/cap","6.97","E","Estimated value",""
"FBS","Food Balances (2010-)","528","Netherlands (Kingdom of the)","645","Food supply quantity (kg/capita/yr)","S2543","Sweeteners, Other","2021","2021","kg/cap","6.9","E","Estimated value",""
"FBS","Food Balances (2010-)","528","Netherlands (Kingdom of the)","645","Food supply quantity (kg/capita/yr)","S2543","Sweeteners, Other","2022","2022","kg/cap","9.24","E","Estimated value",""
"FBS","Food Balances (2010-)","528","Netherlands (Kingdom of the)","645","Food supply quantity (kg/capita/yr)","S2543","Sweeteners, Other","2023","2023","kg/cap","11.31","E","Estimated value",""
"FBS","Food Balances (2010-)","540","New Caledonia","645","Food supply quantity (kg/capita/yr)","S2543","Sweeteners, Other","2019","2019","kg/cap","15.69","E","Estimated value",""
"FBS","Food Balances (2010-)","540","New Caledonia","645","Food supply quantity (kg/capita/yr)","S2543","Sweeteners, Other","2020","2020","kg/cap","15.94","E","Estimated value",""
"FBS","Food Balances (2010-)","540","New Caledonia","645","Food supply quantity (kg/capita/yr)","S2543","Sweeteners, Other","2021","2021","kg/cap","19.1","E","Estimated value",""
"FBS","Food Balances (2010-)","540","New Caledonia","645","Food supply quantity (kg/capita/yr)","S2543","Sweeteners, Other","2022","2022","kg/cap","22.85","E","Estimated value",""
"FBS","Food Balances (2010-)","540","New Caledonia","645","Food supply quantity (kg/capita/yr)","S2543","Sweeteners, Other","2023","2023","kg/cap","16.72","E","Estimated value",""
"FBS","Food Balances (2010-)","554","New Zealand","645","Food supply quantity (kg/capita/yr)","S2543","Sweeteners, Other","2019","2019","kg/cap","13.45","E","Estimated value",""
"FBS","Food Balances (2010-)","554","New Zealand","645","Food supply quantity (kg/capita/yr)","S2543","Sweeteners, Other","2020","2020","kg/cap","14.93","E","Estimated value",""
"FBS","Food Balances (2010-)","554","New Zealand","645","Food supply quantity (kg/capita/yr)","S2543","Sweeteners, Other","2021","2021","kg/cap","16.06","E","Estimated value",""
"FBS","Food Balances (2010-)","554","New Zealand","645","Food supply quantity (kg/capita/yr)","S2543","Sweeteners, Other","2022","2022","kg/cap","15.94","E","Estimated value",""
"FBS","Food Balances (2010-)","554","New Zealand","645","Food supply quantity (kg/capita/yr)","S2543","Sweeteners, Other","2023","2023","kg/cap","12.78","E","Estimated value",""
"FBS","Food Balances (2010-)","558","Nicaragua","645","Food supply quantity (kg/capita/yr)","S2543","Sweeteners, Other","2019","2019","kg/cap","7.2","E","Estimated value",""
"FBS","Food Balances (2010-)","558","Nicaragua","645","Food supply quantity (kg/capita/yr)","S2543","Sweeteners, Other","2020","2020","kg/cap","2.14","E","Estimated value",""
"FBS","Food Balances (2010-)","558","Nicaragua","645","Food supply quantity (kg/capita/yr)","S2543","Sweeteners, Other","2021","2021","kg/cap","4.28","E","Estimated value",""
"FBS","Food Balances (2010-)","558","Nicaragua","645","Food supply quantity (kg/capita/yr)","S2543","Sweeteners, Other","2022","2022","kg/cap","3.79","E","Estimated value",""
"FBS","Food Balances (2010-)","558","Nicaragua","645","Food supply quantity (kg/capita/yr)","S2543","Sweeteners, Other","2023","2023","kg/cap","14.35","E","Estimated value",""
"FBS","Food Balances (2010-)","562","Niger","645","Food supply quantity (kg/capita/yr)","S2543","Sweeteners, Other","2019","2019","kg/cap","0.08","E","Estimated value",""
"FBS","Food Balances (2010-)","562","Niger","645","Food supply quantity (kg/capita/yr)","S2543","Sweeteners, Other","2020","2020","kg/cap","0.17","E","Estimated value",""
"FBS","Food Balances (2010-)","562","Niger","645","Food supply quantity (kg/capita/yr)","S2543","Sweeteners, Other","2021","2021","kg/cap","0.11","E","Estimated value",""
"FBS","Food Balances (2010-)","562","Niger","645","Food supply quantity (kg/capita/yr)","S2543","Sweeteners, Other","2022","2022","kg/cap","0.07","E","Estimated value",""
"FBS","Food Balances (2010-)","562","Niger","645","Food supply quantity (kg/capita/yr)","S2543","Sweeteners, Other","2023","2023","kg/cap","0.03","E","Estimated value",""
"FBS","Food Balances (2010-)","566","Nigeria","645","Food supply quantity (kg/capita/yr)","S2543","Sweeteners, Other","2019","2019","kg/cap","0.44","E","Estimated value",""
"FBS","Food Balances (2010-)","566","Nigeria","645","Food supply quantity (kg/capita/yr)","S2543","Sweeteners, Other","2020","2020","kg/cap","0.5","E","Estimated value",""
"FBS","Food Balances (2010-)","566","Nigeria","645","Food supply quantity (kg/capita/yr)","S2543","Sweeteners, Other","2021","2021","kg/cap","0.64","E","Estimated value",""
"FBS","Food Balances (2010-)","566","Nigeria","645","Food supply quantity (kg/capita/yr)","S2543","Sweeteners, Other","2022","2022","kg/cap","0.46","E","Estimated value",""
"FBS","Food Balances (2010-)","566","Nigeria","645","Food supply quantity (kg/capita/yr)","S2543","Sweeteners, Other","2023","2023","kg/cap","0.28","E","Estimated value",""
"FBS","Food Balances (2010-)","807","North Macedonia","645","Food supply quantity (kg/capita/yr)","S2543","Sweeteners, Other","2019","2019","kg/cap","12.62","E","Estimated value",""
"FBS","Food Balances (2010-)","807","North Macedonia","645","Food supply quantity (kg/capita/yr)","S2543","Sweeteners, Other","2020","2020","kg/cap","11.91","E","Estimated value",""
"FBS","Food Balances (2010-)","807","North Macedonia","645","Food supply quantity (kg/capita/yr)","S2543","Sweeteners, Other","2021","2021","kg/cap","16.73","E","Estimated value",""
"FBS","Food Balances (2010-)","807","North Macedonia","645","Food supply quantity (kg/capita/yr)","S2543","Sweeteners, Other","2022","2022","kg/cap","17.74","E","Estimated value",""
"FBS","Food Balances (2010-)","807","North Macedonia","645","Food supply quantity (kg/capita/yr)","S2543","Sweeteners, Other","2023","2023","kg/cap","17.55","E","Estimated value",""
"FBS","Food Balances (2010-)","578","Norway","645","Food supply quantity (kg/capita/yr)","S2543","Sweeteners, Other","2019","2019","kg/cap","17.51","E","Estimated value",""
"FBS","Food Balances (2010-)","578","Norway","645","Food supply quantity (kg/capita/yr)","S2543","Sweeteners, Other","2020","2020","kg/cap","25.71","E","Estimated value",""
"FBS","Food Balances (2010-)","578","Norway","645","Food supply quantity (kg/capita/yr)","S2543","Sweeteners, Other","2021","2021","kg/cap","35.31","E","Estimated value",""
"FBS","Food Balances (2010-)","578","Norway","645","Food supply quantity (kg/capita/yr)","S2543","Sweeteners, Other","2022","2022","kg/cap","38.59","E","Estimated value",""
"FBS","Food Balances (2010-)","578","Norway","645","Food supply quantity (kg/capita/yr)","S2543","Sweeteners, Other","2023","2023","kg/cap","38.22","E","Estimated value",""
"FBS","Food Balances (2010-)","512","Oman","645","Food supply quantity (kg/capita/yr)","S2543","Sweeteners, Other","2019","2019","kg/cap","12.54","E","Estimated value",""
"FBS","Food Balances (2010-)","512","Oman","645","Food supply quantity (kg/capita/yr)","S2543","Sweeteners, Other","2020","2020","kg/cap","5.79","E","Estimated value",""
"FBS","Food Balances (2010-)","512","Oman","645","Food supply quantity (kg/capita/yr)","S2543","Sweeteners, Other","2021","2021","kg/cap","0.46","E","Estimated value",""
"FBS","Food Balances (2010-)","512","Oman","645","Food supply quantity (kg/capita/yr)","S2543","Sweeteners, Other","2022","2022","kg/cap","7.23","E","Estimated value",""
"FBS","Food Balances (2010-)","512","Oman","645","Food supply quantity (kg/capita/yr)","S2543","Sweeteners, Other","2023","2023","kg/cap","5.63","E","Estimated value",""
"FBS","Food Balances (2010-)","586","Pakistan","645","Food supply quantity (kg/capita/yr)","S2543","Sweeteners, Other","2019","2019","kg/cap","0.36","E","Estimated value",""
"FBS","Food Balances (2010-)","586","Pakistan","645","Food supply quantity (kg/capita/yr)","S2543","Sweeteners, Other","2020","2020","kg/cap","0.36","E","Estimated value",""
"FBS","Food Balances (2010-)","586","Pakistan","645","Food supply quantity (kg/capita/yr)","S2543","Sweeteners, Other","2021","2021","kg/cap","0.46","E","Estimated value",""
"FBS","Food Balances (2010-)","586","Pakistan","645","Food supply quantity (kg/capita/yr)","S2543","Sweeteners, Other","2022","2022","kg/cap","0.34","E","Estimated value",""
"FBS","Food Balances (2010-)","586","Pakistan","645","Food supply quantity (kg/capita/yr)","S2543","Sweeteners, Other","2023","2023","kg/cap","0.43","E","Estimated value",""
"FBS","Food Balances (2010-)","591","Panama","645","Food supply quantity (kg/capita/yr)","S2543","Sweeteners, Other","2019","2019","kg/cap","29.59","E","Estimated value",""
"FBS","Food Balances (2010-)","591","Panama","645","Food supply quantity (kg/capita/yr)","S2543","Sweeteners, Other","2020","2020","kg/cap","24.48","E","Estimated value",""
"FBS","Food Balances (2010-)","591","Panama","645","Food supply quantity (kg/capita/yr)","S2543","Sweeteners, Other","2021","2021","kg/cap","31.75","E","Estimated value",""
"FBS","Food Balances (2010-)","591","Panama","645","Food supply quantity (kg/capita/yr)","S2543","Sweeteners, Other","2022","2022","kg/cap","31.39","E","Estimated value",""
"FBS","Food Balances (2010-)","591","Panama","645","Food supply quantity (kg/capita/yr)","S2543","Sweeteners, Other","2023","2023","kg/cap","37.28","E","Estimated value",""
"FBS","Food Balances (2010-)","598","Papua New Guinea","645","Food supply quantity (kg/capita/yr)","S2543","Sweeteners, Other","2019","2019","kg/cap","1.01","E","Estimated value",""
"FBS","Food Balances (2010-)","598","Papua New Guinea","645","Food supply quantity (kg/capita/yr)","S2543","Sweeteners, Other","2020","2020","kg/cap","1.91","E","Estimated value",""
"FBS","Food Balances (2010-)","598","Papua New Guinea","645","Food supply quantity (kg/capita/yr)","S2543","Sweeteners, Other","2021","2021","kg/cap","1.14","E","Estimated value",""
"FBS","Food Balances (2010-)","598","Papua New Guinea","645","Food supply quantity (kg/capita/yr)","S2543","Sweeteners, Other","2022","2022","kg/cap","1.23","E","Estimated value",""
"FBS","Food Balances (2010-)","598","Papua New Guinea","645","Food supply quantity (kg/capita/yr)","S2543","Sweeteners, Other","2023","2023","kg/cap","0.92","E","Estimated value",""
"FBS","Food Balances (2010-)","600","Paraguay","645","Food supply quantity (kg/capita/yr)","S2543","Sweeteners, Other","2019","2019","kg/cap","7.52","E","Estimated value",""
"FBS","Food Balances (2010-)","600","Paraguay","645","Food supply quantity (kg/capita/yr)","S2543","Sweeteners, Other","2020","2020","kg/cap","6.79","E","Estimated value",""
"FBS","Food Balances (2010-)","600","Paraguay","645","Food supply quantity (kg/capita/yr)","S2543","Sweeteners, Other","2021","2021","kg/cap","5.59","E","Estimated value",""
"FBS","Food Balances (2010-)","600","Paraguay","645","Food supply quantity (kg/capita/yr)","S2543","Sweeteners, Other","2022","2022","kg/cap","6.48","E","Estimated value",""
"FBS","Food Balances (2010-)","600","Paraguay","645","Food supply quantity (kg/capita/yr)","S2543","Sweeteners, Other","2023","2023","kg/cap","8","E","Estimated value",""
"FBS","Food Balances (2010-)","604","Peru","645","Food supply quantity (kg/capita/yr)","S2543","Sweeteners, Other","2019","2019","kg/cap","1.9","E","Estimated value",""
"FBS","Food Balances (2010-)","604","Peru","645","Food supply quantity (kg/capita/yr)","S2543","Sweeteners, Other","2020","2020","kg/cap","1.8","E","Estimated value",""
"FBS","Food Balances (2010-)","604","Peru","645","Food supply quantity (kg/capita/yr)","S2543","Sweeteners, Other","2021","2021","kg/cap","1.89","E","Estimated value",""
"FBS","Food Balances (2010-)","604","Peru","645","Food supply quantity (kg/capita/yr)","S2543","Sweeteners, Other","2022","2022","kg/cap","2","E","Estimated value",""
"FBS","Food Balances (2010-)","604","Peru","645","Food supply quantity (kg/capita/yr)","S2543","Sweeteners, Other","2023","2023","kg/cap","1.96","E","Estimated value",""
"FBS","Food Balances (2010-)","608","Philippines","645","Food supply quantity (kg/capita/yr)","S2543","Sweeteners, Other","2019","2019","kg/cap","2.76","E","Estimated value",""
"FBS","Food Balances (2010-)","608","Philippines","645","Food supply quantity (kg/capita/yr)","S2543","Sweeteners, Other","2020","2020","kg/cap","2.73","E","Estimated value",""
"FBS","Food Balances (2010-)","608","Philippines","645","Food supply quantity (kg/capita/yr)","S2543","Sweeteners, Other","2021","2021","kg/cap","2.38","E","Estimated value",""
"FBS","Food Balances (2010-)","608","Philippines","645","Food supply quantity (kg/capita/yr)","S2543","Sweeteners, Other","2022","2022","kg/cap","2.87","E","Estimated value",""
"FBS","Food Balances (2010-)","608","Philippines","645","Food supply quantity (kg/capita/yr)","S2543","Sweeteners, Other","2023","2023","kg/cap","2.82","E","Estimated value",""
"FBS","Food Balances (2010-)","616","Poland","645","Food supply quantity (kg/capita/yr)","S2543","Sweeteners, Other","2019","2019","kg/cap","0.94","E","Estimated value",""
"FBS","Food Balances (2010-)","616","Poland","645","Food supply quantity (kg/capita/yr)","S2543","Sweeteners, Other","2020","2020","kg/cap","1.62","E","Estimated value",""
"FBS","Food Balances (2010-)","616","Poland","645","Food supply quantity (kg/capita/yr)","S2543","Sweeteners, Other","2021","2021","kg/cap","2.58","E","Estimated value",""
"FBS","Food Balances (2010-)","616","Poland","645","Food supply quantity (kg/capita/yr)","S2543","Sweeteners, Other","2022","2022","kg/cap","2.87","E","Estimated value",""
"FBS","Food Balances (2010-)","616","Poland","645","Food supply quantity (kg/capita/yr)","S2543","Sweeteners, Other","2023","2023","kg/cap","3.3","E","Estimated value",""
"FBS","Food Balances (2010-)","620","Portugal","645","Food supply quantity (kg/capita/yr)","S2543","Sweeteners, Other","2019","2019","kg/cap","12.15","E","Estimated value",""
"FBS","Food Balances (2010-)","620","Portugal","645","Food supply quantity (kg/capita/yr)","S2543","Sweeteners, Other","2020","2020","kg/cap","10.36","E","Estimated value",""
"FBS","Food Balances (2010-)","620","Portugal","645","Food supply quantity (kg/capita/yr)","S2543","Sweeteners, Other","2021","2021","kg/cap","3.58","E","Estimated value",""
"FBS","Food Balances (2010-)","620","Portugal","645","Food supply quantity (kg/capita/yr)","S2543","Sweeteners, Other","2022","2022","kg/cap","4.31","E","Estimated value",""
"FBS","Food Balances (2010-)","620","Portugal","645","Food supply quantity (kg/capita/yr)","S2543","Sweeteners, Other","2023","2023","kg/cap","5.45","E","Estimated value",""
"FBS","Food Balances (2010-)","634","Qatar","645","Food supply quantity (kg/capita/yr)","S2543","Sweeteners, Other","2019","2019","kg/cap","11.94","E","Estimated value",""
"FBS","Food Balances (2010-)","634","Qatar","645","Food supply quantity (kg/capita/yr)","S2543","Sweeteners, Other","2020","2020","kg/cap","11.22","E","Estimated value",""
"FBS","Food Balances (2010-)","634","Qatar","645","Food supply quantity (kg/capita/yr)","S2543","Sweeteners, Other","2021","2021","kg/cap","12.73","E","Estimated value",""
"FBS","Food Balances (2010-)","634","Qatar","645","Food supply quantity (kg/capita/yr)","S2543","Sweeteners, Other","2022","2022","kg/cap","17","E","Estimated value",""
"FBS","Food Balances (2010-)","634","Qatar","645","Food supply quantity (kg/capita/yr)","S2543","Sweeteners, Other","2023","2023","kg/cap","11.36","E","Estimated value",""
"FBS","Food Balances (2010-)","410","Republic of Korea","645","Food supply quantity (kg/capita/yr)","S2543","Sweeteners, Other","2019","2019","kg/cap","20.94","E","Estimated value",""
"FBS","Food Balances (2010-)","410","Republic of Korea","645","Food supply quantity (kg/capita/yr)","S2543","Sweeteners, Other","2020","2020","kg/cap","20.91","E","Estimated value",""
"FBS","Food Balances (2010-)","410","Republic of Korea","645","Food supply quantity (kg/capita/yr)","S2543","Sweeteners, Other","2021","2021","kg/cap","20.51","E","Estimated value",""
"FBS","Food Balances (2010-)","410","Republic of Korea","645","Food supply quantity (kg/capita/yr)","S2543","Sweeteners, Other","2022","2022","kg/cap","20.9","E","Estimated value",""
"FBS","Food Balances (2010-)","410","Republic of Korea","645","Food supply quantity (kg/capita/yr)","S2543","Sweeteners, Other","2023","2023","kg/cap","26.47","E","Estimated value",""
"FBS","Food Balances (2010-)","498","Republic of Moldova","645","Food supply quantity (kg/capita/yr)","S2543","Sweeteners, Other","2019","2019","kg/cap","8.57","E","Estimated value",""
"FBS","Food Balances (2010-)","498","Republic of Moldova","645","Food supply quantity (kg/capita/yr)","S2543","Sweeteners, Other","2020","2020","kg/cap","8.51","E","Estimated value",""
"FBS","Food Balances (2010-)","498","Republic of Moldova","645","Food supply quantity (kg/capita/yr)","S2543","Sweeteners, Other","2021","2021","kg/cap","8.58","E","Estimated value",""
"FBS","Food Balances (2010-)","498","Republic of Moldova","645","Food supply quantity (kg/capita/yr)","S2543","Sweeteners, Other","2022","2022","kg/cap","10.09","E","Estimated value",""
"FBS","Food Balances (2010-)","498","Republic of Moldova","645","Food supply quantity (kg/capita/yr)","S2543","Sweeteners, Other","2023","2023","kg/cap","9.7","E","Estimated value",""
"FBS","Food Balances (2010-)","642","Romania","645","Food supply quantity (kg/capita/yr)","S2543","Sweeteners, Other","2019","2019","kg/cap","3.41","E","Estimated value",""
"FBS","Food Balances (2010-)","642","Romania","645","Food supply quantity (kg/capita/yr)","S2543","Sweeteners, Other","2020","2020","kg/cap","3.4","E","Estimated value",""
"FBS","Food Balances (2010-)","642","Romania","645","Food supply quantity (kg/capita/yr)","S2543","Sweeteners, Other","2021","2021","kg/cap","3.66","E","Estimated value",""
"FBS","Food Balances (2010-)","642","Romania","645","Food supply quantity (kg/capita/yr)","S2543","Sweeteners, Other","2022","2022","kg/cap","2.96","E","Estimated value",""
"FBS","Food Balances (2010-)","642","Romania","645","Food supply quantity (kg/capita/yr)","S2543","Sweeteners, Other","2023","2023","kg/cap","2.91","E","Estimated value",""
"FBS","Food Balances (2010-)","643","Russian Federation","645","Food supply quantity (kg/capita/yr)","S2543","Sweeteners, Other","2019","2019","kg/cap","26.93","E","Estimated value",""
"FBS","Food Balances (2010-)","643","Russian Federation","645","Food supply quantity (kg/capita/yr)","S2543","Sweeteners, Other","2020","2020","kg/cap","26.64","E","Estimated value",""
"FBS","Food Balances (2010-)","643","Russian Federation","645","Food supply quantity (kg/capita/yr)","S2543","Sweeteners, Other","2021","2021","kg/cap","26.65","E","Estimated value",""
"FBS","Food Balances (2010-)","643","Russian Federation","645","Food supply quantity (kg/capita/yr)","S2543","Sweeteners, Other","2022","2022","kg/cap","26.82","E","Estimated value",""
"FBS","Food Balances (2010-)","643","Russian Federation","645","Food supply quantity (kg/capita/yr)","S2543","Sweeteners, Other","2023","2023","kg/cap","29.47","E","Estimated value",""
"FBS","Food Balances (2010-)","646","Rwanda","645","Food supply quantity (kg/capita/yr)","S2543","Sweeteners, Other","2019","2019","kg/cap","1.84","E","Estimated value",""
"FBS","Food Balances (2010-)","646","Rwanda","645","Food supply quantity (kg/capita/yr)","S2543","Sweeteners, Other","2020","2020","kg/cap","1.74","E","Estimated value",""
"FBS","Food Balances (2010-)","646","Rwanda","645","Food supply quantity (kg/capita/yr)","S2543","Sweeteners, Other","2021","2021","kg/cap","1.2","E","Estimated value",""
"FBS","Food Balances (2010-)","646","Rwanda","645","Food supply quantity (kg/capita/yr)","S2543","Sweeteners, Other","2022","2022","kg/cap","1.58","E","Estimated value",""
"FBS","Food Balances (2010-)","646","Rwanda","645","Food supply quantity (kg/capita/yr)","S2543","Sweeteners, Other","2023","2023","kg/cap","5.31","E","Estimated value",""
"FBS","Food Balances (2010-)","659","Saint Kitts and Nevis","645","Food supply quantity (kg/capita/yr)","S2543","Sweeteners, Other","2019","2019","kg/cap","43.02","E","Estimated value",""
"FBS","Food Balances (2010-)","659","Saint Kitts and Nevis","645","Food supply quantity (kg/capita/yr)","S2543","Sweeteners, Other","2020","2020","kg/cap","30.86","E","Estimated value",""
"FBS","Food Balances (2010-)","659","Saint Kitts and Nevis","645","Food supply quantity (kg/capita/yr)","S2543","Sweeteners, Other","2021","2021","kg/cap","41.72","E","Estimated value",""
"FBS","Food Balances (2010-)","659","Saint Kitts and Nevis","645","Food supply quantity (kg/capita/yr)","S2543","Sweeteners, Other","2022","2022","kg/cap","39.15","E","Estimated value",""
"FBS","Food Balances (2010-)","659","Saint Kitts and Nevis","645","Food supply quantity (kg/capita/yr)","S2543","Sweeteners, Other","2023","2023","kg/cap","34.98","E","Estimated value",""
"FBS","Food Balances (2010-)","662","Saint Lucia","645","Food supply quantity (kg/capita/yr)","S2543","Sweeteners, Other","2019","2019","kg/cap","17.87","E","Estimated value",""
"FBS","Food Balances (2010-)","662","Saint Lucia","645","Food supply quantity (kg/capita/yr)","S2543","Sweeteners, Other","2020","2020","kg/cap","22.59","E","Estimated value",""
"FBS","Food Balances (2010-)","662","Saint Lucia","645","Food supply quantity (kg/capita/yr)","S2543","Sweeteners, Other","2021","2021","kg/cap","33.34","E","Estimated value",""
"FBS","Food Balances (2010-)","662","Saint Lucia","645","Food supply quantity (kg/capita/yr)","S2543","Sweeteners, Other","2022","2022","kg/cap","50.28","E","Estimated value",""
"FBS","Food Balances (2010-)","662","Saint Lucia","645","Food supply quantity (kg/capita/yr)","S2543","Sweeteners, Other","2023","2023","kg/cap","21.48","E","Estimated value",""
"FBS","Food Balances (2010-)","670","Saint Vincent and the Grenadines","645","Food supply quantity (kg/capita/yr)","S2543","Sweeteners, Other","2019","2019","kg/cap","40.88","E","Estimated value",""
"FBS","Food Balances (2010-)","670","Saint Vincent and the Grenadines","645","Food supply quantity (kg/capita/yr)","S2543","Sweeteners, Other","2020","2020","kg/cap","43.64","E","Estimated value",""
"FBS","Food Balances (2010-)","670","Saint Vincent and the Grenadines","645","Food supply quantity (kg/capita/yr)","S2543","Sweeteners, Other","2021","2021","kg/cap","43.08","E","Estimated value",""
"FBS","Food Balances (2010-)","670","Saint Vincent and the Grenadines","645","Food supply quantity (kg/capita/yr)","S2543","Sweeteners, Other","2022","2022","kg/cap","34.97","E","Estimated value",""
"FBS","Food Balances (2010-)","670","Saint Vincent and the Grenadines","645","Food supply quantity (kg/capita/yr)","S2543","Sweeteners, Other","2023","2023","kg/cap","40.15","E","Estimated value",""
"FBS","Food Balances (2010-)","882","Samoa","645","Food supply quantity (kg/capita/yr)","S2543","Sweeteners, Other","2019","2019","kg/cap","9.85","E","Estimated value",""
"FBS","Food Balances (2010-)","882","Samoa","645","Food supply quantity (kg/capita/yr)","S2543","Sweeteners, Other","2020","2020","kg/cap","8.62","E","Estimated value",""
"FBS","Food Balances (2010-)","882","Samoa","645","Food supply quantity (kg/capita/yr)","S2543","Sweeteners, Other","2021","2021","kg/cap","18.11","E","Estimated value",""
"FBS","Food Balances (2010-)","882","Samoa","645","Food supply quantity (kg/capita/yr)","S2543","Sweeteners, Other","2022","2022","kg/cap","8","E","Estimated value",""
"FBS","Food Balances (2010-)","882","Samoa","645","Food supply quantity (kg/capita/yr)","S2543","Sweeteners, Other","2023","2023","kg/cap","10.46","E","Estimated value",""
"FBS","Food Balances (2010-)","678","Sao Tome and Principe","645","Food supply quantity (kg/capita/yr)","S2543","Sweeteners, Other","2019","2019","kg/cap","20.29","E","Estimated value",""
"FBS","Food Balances (2010-)","678","Sao Tome and Principe","645","Food supply quantity (kg/capita/yr)","S2543","Sweeteners, Other","2020","2020","kg/cap","16.92","E","Estimated value",""
"FBS","Food Balances (2010-)","678","Sao Tome and Principe","645","Food supply quantity (kg/capita/yr)","S2543","Sweeteners, Other","2021","2021","kg/cap","25.63","E","Estimated value",""
"FBS","Food Balances (2010-)","678","Sao Tome and Principe","645","Food supply quantity (kg/capita/yr)","S2543","Sweeteners, Other","2022","2022","kg/cap","18.67","E","Estimated value",""
"FBS","Food Balances (2010-)","678","Sao Tome and Principe","645","Food supply quantity (kg/capita/yr)","S2543","Sweeteners, Other","2023","2023","kg/cap","14.16","E","Estimated value",""
"FBS","Food Balances (2010-)","682","Saudi Arabia","645","Food supply quantity (kg/capita/yr)","S2543","Sweeteners, Other","2019","2019","kg/cap","2.71","E","Estimated value",""
"FBS","Food Balances (2010-)","682","Saudi Arabia","645","Food supply quantity (kg/capita/yr)","S2543","Sweeteners, Other","2020","2020","kg/cap","2.62","E","Estimated value",""
"FBS","Food Balances (2010-)","682","Saudi Arabia","645","Food supply quantity (kg/capita/yr)","S2543","Sweeteners, Other","2021","2021","kg/cap","1.41","E","Estimated value",""
"FBS","Food Balances (2010-)","682","Saudi Arabia","645","Food supply quantity (kg/capita/yr)","S2543","Sweeteners, Other","2022","2022","kg/cap","3.08","E","Estimated value",""
"FBS","Food Balances (2010-)","682","Saudi Arabia","645","Food supply quantity (kg/capita/yr)","S2543","Sweeteners, Other","2023","2023","kg/cap","0.24","E","Estimated value",""
"FBS","Food Balances (2010-)","686","Senegal","645","Food supply quantity (kg/capita/yr)","S2543","Sweeteners, Other","2019","2019","kg/cap","1.96","E","Estimated value",""
"FBS","Food Balances (2010-)","686","Senegal","645","Food supply quantity (kg/capita/yr)","S2543","Sweeteners, Other","2020","2020","kg/cap","1.42","E","Estimated value",""
"FBS","Food Balances (2010-)","686","Senegal","645","Food supply quantity (kg/capita/yr)","S2543","Sweeteners, Other","2021","2021","kg/cap","2.48","E","Estimated value",""
"FBS","Food Balances (2010-)","686","Senegal","645","Food supply quantity (kg/capita/yr)","S2543","Sweeteners, Other","2022","2022","kg/cap","2.23","E","Estimated value",""
"FBS","Food Balances (2010-)","686","Senegal","645","Food supply quantity (kg/capita/yr)","S2543","Sweeteners, Other","2023","2023","kg/cap","1.62","E","Estimated value",""
"FBS","Food Balances (2010-)","688","Serbia","645","Food supply quantity (kg/capita/yr)","S2543","Sweeteners, Other","2019","2019","kg/cap","0.44","E","Estimated value",""
"FBS","Food Balances (2010-)","688","Serbia","645","Food supply quantity (kg/capita/yr)","S2543","Sweeteners, Other","2020","2020","kg/cap","1.18","E","Estimated value",""
"FBS","Food Balances (2010-)","688","Serbia","645","Food supply quantity (kg/capita/yr)","S2543","Sweeteners, Other","2021","2021","kg/cap","0.37","E","Estimated value",""
"FBS","Food Balances (2010-)","688","Serbia","645","Food supply quantity (kg/capita/yr)","S2543","Sweeteners, Other","2022","2022","kg/cap","0.5","E","Estimated value",""
"FBS","Food Balances (2010-)","688","Serbia","645","Food supply quantity (kg/capita/yr)","S2543","Sweeteners, Other","2023","2023","kg/cap","0.46","E","Estimated value",""
"FBS","Food Balances (2010-)","690","Seychelles","645","Food supply quantity (kg/capita/yr)","S2543","Sweeteners, Other","2019","2019","kg/cap","21.15","E","Estimated value",""
"FBS","Food Balances (2010-)","690","Seychelles","645","Food supply quantity (kg/capita/yr)","S2543","Sweeteners, Other","2020","2020","kg/cap","21.06","E","Estimated value",""
"FBS","Food Balances (2010-)","690","Seychelles","645","Food supply quantity (kg/capita/yr)","S2543","Sweeteners, Other","2021","2021","kg/cap","21.08","E","Estimated value",""
"FBS","Food Balances (2010-)","690","Seychelles","645","Food supply quantity (kg/capita/yr)","S2543","Sweeteners, Other","2022","2022","kg/cap","20.11","E","Estimated value",""
"FBS","Food Balances (2010-)","690","Seychelles","645","Food supply quantity (kg/capita/yr)","S2543","Sweeteners, Other","2023","2023","kg/cap","38.56","E","Estimated value",""
"FBS","Food Balances (2010-)","694","Sierra Leone","645","Food supply quantity (kg/capita/yr)","S2543","Sweeteners, Other","2019","2019","kg/cap","1.44","E","Estimated value",""
"FBS","Food Balances (2010-)","694","Sierra Leone","645","Food supply quantity (kg/capita/yr)","S2543","Sweeteners, Other","2020","2020","kg/cap","0.8","E","Estimated value",""
"FBS","Food Balances (2010-)","694","Sierra Leone","645","Food supply quantity (kg/capita/yr)","S2543","Sweeteners, Other","2021","2021","kg/cap","1.1","E","Estimated value",""
"FBS","Food Balances (2010-)","694","Sierra Leone","645","Food supply quantity (kg/capita/yr)","S2543","Sweeteners, Other","2022","2022","kg/cap","0.57","E","Estimated value",""
"FBS","Food Balances (2010-)","694","Sierra Leone","645","Food supply quantity (kg/capita/yr)","S2543","Sweeteners, Other","2023","2023","kg/cap","0.25","E","Estimated value",""
"FBS","Food Balances (2010-)","703","Slovakia","645","Food supply quantity (kg/capita/yr)","S2543","Sweeteners, Other","2019","2019","kg/cap","57.19","E","Estimated value",""
"FBS","Food Balances (2010-)","703","Slovakia","645","Food supply quantity (kg/capita/yr)","S2543","Sweeteners, Other","2020","2020","kg/cap","51.92","E","Estimated value",""
"FBS","Food Balances (2010-)","703","Slovakia","645","Food supply quantity (kg/capita/yr)","S2543","Sweeteners, Other","2021","2021","kg/cap","43.69","E","Estimated value",""
"FBS","Food Balances (2010-)","703","Slovakia","645","Food supply quantity (kg/capita/yr)","S2543","Sweeteners, Other","2022","2022","kg/cap","47.31","E","Estimated value",""
"FBS","Food Balances (2010-)","703","Slovakia","645","Food supply quantity (kg/capita/yr)","S2543","Sweeteners, Other","2023","2023","kg/cap","54.95","E","Estimated value",""
"FBS","Food Balances (2010-)","705","Slovenia","645","Food supply quantity (kg/capita/yr)","S2543","Sweeteners, Other","2019","2019","kg/cap","18.35","E","Estimated value",""
"FBS","Food Balances (2010-)","705","Slovenia","645","Food supply quantity (kg/capita/yr)","S2543","Sweeteners, Other","2020","2020","kg/cap","20.42","E","Estimated value",""
"FBS","Food Balances (2010-)","705","Slovenia","645","Food supply quantity (kg/capita/yr)","S2543","Sweeteners, Other","2021","2021","kg/cap","22.49","E","Estimated value",""
"FBS","Food Balances (2010-)","705","Slovenia","645","Food supply quantity (kg/capita/yr)","S2543","Sweeteners, Other","2022","2022","kg/cap","26.55","E","Estimated value",""
"FBS","Food Balances (2010-)","705","Slovenia","645","Food supply quantity (kg/capita/yr)","S2543","Sweeteners, Other","2023","2023","kg/cap","33.83","E","Estimated value",""
"FBS","Food Balances (2010-)","090","Solomon Islands","645","Food supply quantity (kg/capita/yr)","S2543","Sweeteners, Other","2019","2019","kg/cap","7.9","E","Estimated value",""
"FBS","Food Balances (2010-)","090","Solomon Islands","645","Food supply quantity (kg/capita/yr)","S2543","Sweeteners, Other","2020","2020","kg/cap","4.62","E","Estimated value",""
"FBS","Food Balances (2010-)","090","Solomon Islands","645","Food supply quantity (kg/capita/yr)","S2543","Sweeteners, Other","2021","2021","kg/cap","5.14","E","Estimated value",""
"FBS","Food Balances (2010-)","090","Solomon Islands","645","Food supply quantity (kg/capita/yr)","S2543","Sweeteners, Other","2022","2022","kg/cap","3.31","E","Estimated value",""
"FBS","Food Balances (2010-)","090","Solomon Islands","645","Food supply quantity (kg/capita/yr)","S2543","Sweeteners, Other","2023","2023","kg/cap","1.95","E","Estimated value",""
"FBS","Food Balances (2010-)","710","South Africa","645","Food supply quantity (kg/capita/yr)","S2543","Sweeteners, Other","2019","2019","kg/cap","9.27","E","Estimated value",""
"FBS","Food Balances (2010-)","710","South Africa","645","Food supply quantity (kg/capita/yr)","S2543","Sweeteners, Other","2020","2020","kg/cap","10.44","E","Estimated value",""
"FBS","Food Balances (2010-)","710","South Africa","645","Food supply quantity (kg/capita/yr)","S2543","Sweeteners, Other","2021","2021","kg/cap","10.52","E","Estimated value",""
"FBS","Food Balances (2010-)","710","South Africa","645","Food supply quantity (kg/capita/yr)","S2543","Sweeteners, Other","2022","2022","kg/cap","9.81","E","Estimated value",""
"FBS","Food Balances (2010-)","710","South Africa","645","Food supply quantity (kg/capita/yr)","S2543","Sweeteners, Other","2023","2023","kg/cap","9.38","E","Estimated value",""
"FBS","Food Balances (2010-)","724","Spain","645","Food supply quantity (kg/capita/yr)","S2543","Sweeteners, Other","2019","2019","kg/cap","1.67","E","Estimated value",""
"FBS","Food Balances (2010-)","724","Spain","645","Food supply quantity (kg/capita/yr)","S2543","Sweeteners, Other","2020","2020","kg/cap","1.24","E","Estimated value",""
"FBS","Food Balances (2010-)","724","Spain","645","Food supply quantity (kg/capita/yr)","S2543","Sweeteners, Other","2021","2021","kg/cap","0.8","E","Estimated value",""
"FBS","Food Balances (2010-)","724","Spain","645","Food supply quantity (kg/capita/yr)","S2543","Sweeteners, Other","2022","2022","kg/cap","0.88","E","Estimated value",""
"FBS","Food Balances (2010-)","724","Spain","645","Food supply quantity (kg/capita/yr)","S2543","Sweeteners, Other","2023","2023","kg/cap","1.77","E","Estimated value",""
"FBS","Food Balances (2010-)","144","Sri Lanka","645","Food supply quantity (kg/capita/yr)","S2543","Sweeteners, Other","2019","2019","kg/cap","1.28","E","Estimated value",""
"FBS","Food Balances (2010-)","144","Sri Lanka","645","Food supply quantity (kg/capita/yr)","S2543","Sweeteners, Other","2020","2020","kg/cap","1.82","E","Estimated value",""
"FBS","Food Balances (2010-)","144","Sri Lanka","645","Food supply quantity (kg/capita/yr)","S2543","Sweeteners, Other","2021","2021","kg/cap","1.44","E","Estimated value",""
"FBS","Food Balances (2010-)","144","Sri Lanka","645","Food supply quantity (kg/capita/yr)","S2543","Sweeteners, Other","2022","2022","kg/cap","0.87","E","Estimated value",""
"FBS","Food Balances (2010-)","144","Sri Lanka","645","Food supply quantity (kg/capita/yr)","S2543","Sweeteners, Other","2023","2023","kg/cap","0.44","E","Estimated value",""
"FBS","Food Balances (2010-)","740","Suriname","645","Food supply quantity (kg/capita/yr)","S2543","Sweeteners, Other","2019","2019","kg/cap","20.77","E","Estimated value",""
"FBS","Food Balances (2010-)","740","Suriname","645","Food supply quantity (kg/capita/yr)","S2543","Sweeteners, Other","2020","2020","kg/cap","22.33","E","Estimated value",""
"FBS","Food Balances (2010-)","740","Suriname","645","Food supply quantity (kg/capita/yr)","S2543","Sweeteners, Other","2021","2021","kg/cap","62.13","E","Estimated value",""
"FBS","Food Balances (2010-)","740","Suriname","645","Food supply quantity (kg/capita/yr)","S2543","Sweeteners, Other","2022","2022","kg/cap","85.79","E","Estimated value",""
"FBS","Food Balances (2010-)","740","Suriname","645","Food supply quantity (kg/capita/yr)","S2543","Sweeteners, Other","2023","2023","kg/cap","87.32","E","Estimated value",""
"FBS","Food Balances (2010-)","752","Sweden","645","Food supply quantity (kg/capita/yr)","S2543","Sweeteners, Other","2019","2019","kg/cap","12.27","E","Estimated value",""
"FBS","Food Balances (2010-)","752","Sweden","645","Food supply quantity (kg/capita/yr)","S2543","Sweeteners, Other","2020","2020","kg/cap","4.1","E","Estimated value",""
"FBS","Food Balances (2010-)","752","Sweden","645","Food supply quantity (kg/capita/yr)","S2543","Sweeteners, Other","2021","2021","kg/cap","6.49","E","Estimated value",""
"FBS","Food Balances (2010-)","752","Sweden","645","Food supply quantity (kg/capita/yr)","S2543","Sweeteners, Other","2022","2022","kg/cap","17.2","E","Estimated value",""
"FBS","Food Balances (2010-)","752","Sweden","645","Food supply quantity (kg/capita/yr)","S2543","Sweeteners, Other","2023","2023","kg/cap","14.1","E","Estimated value",""
"FBS","Food Balances (2010-)","756","Switzerland","645","Food supply quantity (kg/capita/yr)","S2543","Sweeteners, Other","2019","2019","kg/cap","5.65","E","Estimated value",""
"FBS","Food Balances (2010-)","756","Switzerland","645","Food supply quantity (kg/capita/yr)","S2543","Sweeteners, Other","2020","2020","kg/cap","3.92","E","Estimated value",""
"FBS","Food Balances (2010-)","756","Switzerland","645","Food supply quantity (kg/capita/yr)","S2543","Sweeteners, Other","2021","2021","kg/cap","4.7","E","Estimated value",""
"FBS","Food Balances (2010-)","756","Switzerland","645","Food supply quantity (kg/capita/yr)","S2543","Sweeteners, Other","2022","2022","kg/cap","6.3","E","Estimated value",""
"FBS","Food Balances (2010-)","756","Switzerland","645","Food supply quantity (kg/capita/yr)","S2543","Sweeteners, Other","2023","2023","kg/cap","7.24","E","Estimated value",""
"FBS","Food Balances (2010-)","760","Syrian Arab Republic","645","Food supply quantity (kg/capita/yr)","S2543","Sweeteners, Other","2019","2019","kg/cap","11.87","E","Estimated value",""
"FBS","Food Balances (2010-)","760","Syrian Arab Republic","645","Food supply quantity (kg/capita/yr)","S2543","Sweeteners, Other","2020","2020","kg/cap","9.62","E","Estimated value",""
"FBS","Food Balances (2010-)","760","Syrian Arab Republic","645","Food supply quantity (kg/capita/yr)","S2543","Sweeteners, Other","2021","2021","kg/cap","12.1","E","Estimated value",""
"FBS","Food Balances (2010-)","760","Syrian Arab Republic","645","Food supply quantity (kg/capita/yr)","S2543","Sweeteners, Other","2022","2022","kg/cap","8.98","E","Estimated value",""
"FBS","Food Balances (2010-)","760","Syrian Arab Republic","645","Food supply quantity (kg/capita/yr)","S2543","Sweeteners, Other","2023","2023","kg/cap","7.26","E","Estimated value",""
"FBS","Food Balances (2010-)","762","Tajikistan","645","Food supply quantity (kg/capita/yr)","S2543","Sweeteners, Other","2019","2019","kg/cap","1.55","E","Estimated value",""
"FBS","Food Balances (2010-)","762","Tajikistan","645","Food supply quantity (kg/capita/yr)","S2543","Sweeteners, Other","2020","2020","kg/cap","1.06","E","Estimated value",""
"FBS","Food Balances (2010-)","762","Tajikistan","645","Food supply quantity (kg/capita/yr)","S2543","Sweeteners, Other","2021","2021","kg/cap","1.62","E","Estimated value",""
"FBS","Food Balances (2010-)","762","Tajikistan","645","Food supply quantity (kg/capita/yr)","S2543","Sweeteners, Other","2022","2022","kg/cap","1.03","E","Estimated value",""
"FBS","Food Balances (2010-)","762","Tajikistan","645","Food supply quantity (kg/capita/yr)","S2543","Sweeteners, Other","2023","2023","kg/cap","0.72","E","Estimated value",""
"FBS","Food Balances (2010-)","764","Thailand","645","Food supply quantity (kg/capita/yr)","S2543","Sweeteners, Other","2019","2019","kg/cap","21.02","E","Estimated value",""
"FBS","Food Balances (2010-)","764","Thailand","645","Food supply quantity (kg/capita/yr)","S2543","Sweeteners, Other","2020","2020","kg/cap","22.95","E","Estimated value",""
"FBS","Food Balances (2010-)","764","Thailand","645","Food supply quantity (kg/capita/yr)","S2543","Sweeteners, Other","2021","2021","kg/cap","18.83","E","Estimated value",""
"FBS","Food Balances (2010-)","764","Thailand","645","Food supply quantity (kg/capita/yr)","S2543","Sweeteners, Other","2022","2022","kg/cap","12.15","E","Estimated value",""
"FBS","Food Balances (2010-)","764","Thailand","645","Food supply quantity (kg/capita/yr)","S2543","Sweeteners, Other","2023","2023","kg/cap","13.35","E","Estimated value",""
"FBS","Food Balances (2010-)","626","Timor-Leste","645","Food supply quantity (kg/capita/yr)","S2543","Sweeteners, Other","2019","2019","kg/cap","15.4","E","Estimated value",""
"FBS","Food Balances (2010-)","626","Timor-Leste","645","Food supply quantity (kg/capita/yr)","S2543","Sweeteners, Other","2020","2020","kg/cap","15.99","E","Estimated value",""
"FBS","Food Balances (2010-)","626","Timor-Leste","645","Food supply quantity (kg/capita/yr)","S2543","Sweeteners, Other","2021","2021","kg/cap","19.96","E","Estimated value",""
"FBS","Food Balances (2010-)","626","Timor-Leste","645","Food supply quantity (kg/capita/yr)","S2543","Sweeteners, Other","2022","2022","kg/cap","21.94","E","Estimated value",""
"FBS","Food Balances (2010-)","626","Timor-Leste","645","Food supply quantity (kg/capita/yr)","S2543","Sweeteners, Other","2023","2023","kg/cap","3.47","E","Estimated value",""
"FBS","Food Balances (2010-)","776","Tonga","645","Food supply quantity (kg/capita/yr)","S2543","Sweeteners, Other","2019","2019","kg/cap","15.59","E","Estimated value",""
"FBS","Food Balances (2010-)","776","Tonga","645","Food supply quantity (kg/capita/yr)","S2543","Sweeteners, Other","2020","2020","kg/cap","13.63","E","Estimated value",""
"FBS","Food Balances (2010-)","776","Tonga","645","Food supply quantity (kg/capita/yr)","S2543","Sweeteners, Other","2021","2021","kg/cap","24.93","E","Estimated value",""
"FBS","Food Balances (2010-)","776","Tonga","645","Food supply quantity (kg/capita/yr)","S2543","Sweeteners, Other","2022","2022","kg/cap","28.23","E","Estimated value",""
"FBS","Food Balances (2010-)","776","Tonga","645","Food supply quantity (kg/capita/yr)","S2543","Sweeteners, Other","2023","2023","kg/cap","30.16","E","Estimated value",""
"FBS","Food Balances (2010-)","780","Trinidad and Tobago","645","Food supply quantity (kg/capita/yr)","S2543","Sweeteners, Other","2019","2019","kg/cap","15.8","E","Estimated value",""
"FBS","Food Balances (2010-)","780","Trinidad and Tobago","645","Food supply quantity (kg/capita/yr)","S2543","Sweeteners, Other","2020","2020","kg/cap","27.73","E","Estimated value",""
"FBS","Food Balances (2010-)","780","Trinidad and Tobago","645","Food supply quantity (kg/capita/yr)","S2543","Sweeteners, Other","2021","2021","kg/cap","13.09","E","Estimated value",""
"FBS","Food Balances (2010-)","780","Trinidad and Tobago","645","Food supply quantity (kg/capita/yr)","S2543","Sweeteners, Other","2022","2022","kg/cap","8.32","E","Estimated value",""
"FBS","Food Balances (2010-)","780","Trinidad and Tobago","645","Food supply quantity (kg/capita/yr)","S2543","Sweeteners, Other","2023","2023","kg/cap","6.56","E","Estimated value",""
"FBS","Food Balances (2010-)","788","Tunisia","645","Food supply quantity (kg/capita/yr)","S2543","Sweeteners, Other","2019","2019","kg/cap","1.11","E","Estimated value",""
"FBS","Food Balances (2010-)","788","Tunisia","645","Food supply quantity (kg/capita/yr)","S2543","Sweeteners, Other","2020","2020","kg/cap","1.38","E","Estimated value",""
"FBS","Food Balances (2010-)","788","Tunisia","645","Food supply quantity (kg/capita/yr)","S2543","Sweeteners, Other","2021","2021","kg/cap","1.33","E","Estimated value",""
"FBS","Food Balances (2010-)","788","Tunisia","645","Food supply quantity (kg/capita/yr)","S2543","Sweeteners, Other","2022","2022","kg/cap","1.35","E","Estimated value",""
"FBS","Food Balances (2010-)","788","Tunisia","645","Food supply quantity (kg/capita/yr)","S2543","Sweeteners, Other","2023","2023","kg/cap","1.04","E","Estimated value",""
"FBS","Food Balances (2010-)","792","Türkiye","645","Food supply quantity (kg/capita/yr)","S2543","Sweeteners, Other","2019","2019","kg/cap","0.04","E","Estimated value",""
"FBS","Food Balances (2010-)","792","Türkiye","645","Food supply quantity (kg/capita/yr)","S2543","Sweeteners, Other","2020","2020","kg/cap","0.01","E","Estimated value",""
"FBS","Food Balances (2010-)","792","Türkiye","645","Food supply quantity (kg/capita/yr)","S2543","Sweeteners, Other","2021","2021","kg/cap","0.55","E","Estimated value",""
"FBS","Food Balances (2010-)","792","Türkiye","645","Food supply quantity (kg/capita/yr)","S2543","Sweeteners, Other","2022","2022","kg/cap","0.65","E","Estimated value",""
"FBS","Food Balances (2010-)","792","Türkiye","645","Food supply quantity (kg/capita/yr)","S2543","Sweeteners, Other","2023","2023","kg/cap","0.81","E","Estimated value",""
"FBS","Food Balances (2010-)","795","Turkmenistan","645","Food supply quantity (kg/capita/yr)","S2543","Sweeteners, Other","2019","2019","kg/cap","0.47","E","Estimated value",""
"FBS","Food Balances (2010-)","795","Turkmenistan","645","Food supply quantity (kg/capita/yr)","S2543","Sweeteners, Other","2020","2020","kg/cap","0.71","E","Estimated value",""
"FBS","Food Balances (2010-)","795","Turkmenistan","645","Food supply quantity (kg/capita/yr)","S2543","Sweeteners, Other","2021","2021","kg/cap","0.65","E","Estimated value",""
"FBS","Food Balances (2010-)","795","Turkmenistan","645","Food supply quantity (kg/capita/yr)","S2543","Sweeteners, Other","2022","2022","kg/cap","0.64","E","Estimated value",""
"FBS","Food Balances (2010-)","795","Turkmenistan","645","Food supply quantity (kg/capita/yr)","S2543","Sweeteners, Other","2023","2023","kg/cap","0.63","E","Estimated value",""
"FBS","Food Balances (2010-)","798","Tuvalu","645","Food supply quantity (kg/capita/yr)","S2543","Sweeteners, Other","2019","2019","kg/cap","12.05","E","Estimated value",""
"FBS","Food Balances (2010-)","798","Tuvalu","645","Food supply quantity (kg/capita/yr)","S2543","Sweeteners, Other","2020","2020","kg/cap","3.79","E","Estimated value",""
"FBS","Food Balances (2010-)","798","Tuvalu","645","Food supply quantity (kg/capita/yr)","S2543","Sweeteners, Other","2021","2021","kg/cap","8.28","E","Estimated value",""
"FBS","Food Balances (2010-)","798","Tuvalu","645","Food supply quantity (kg/capita/yr)","S2543","Sweeteners, Other","2022","2022","kg/cap","5.81","E","Estimated value",""
"FBS","Food Balances (2010-)","798","Tuvalu","645","Food supply quantity (kg/capita/yr)","S2543","Sweeteners, Other","2023","2023","kg/cap","13.05","E","Estimated value",""
"FBS","Food Balances (2010-)","800","Uganda","645","Food supply quantity (kg/capita/yr)","S2543","Sweeteners, Other","2019","2019","kg/cap","2.6","E","Estimated value",""
"FBS","Food Balances (2010-)","800","Uganda","645","Food supply quantity (kg/capita/yr)","S2543","Sweeteners, Other","2020","2020","kg/cap","2.18","E","Estimated value",""
"FBS","Food Balances (2010-)","800","Uganda","645","Food supply quantity (kg/capita/yr)","S2543","Sweeteners, Other","2021","2021","kg/cap","1.79","E","Estimated value",""
"FBS","Food Balances (2010-)","800","Uganda","645","Food supply quantity (kg/capita/yr)","S2543","Sweeteners, Other","2022","2022","kg/cap","1.76","E","Estimated value",""
"FBS","Food Balances (2010-)","800","Uganda","645","Food supply quantity (kg/capita/yr)","S2543","Sweeteners, Other","2023","2023","kg/cap","1.19","E","Estimated value",""
"FBS","Food Balances (2010-)","804","Ukraine","645","Food supply quantity (kg/capita/yr)","S2543","Sweeteners, Other","2019","2019","kg/cap","31.37","E","Estimated value",""
"FBS","Food Balances (2010-)","804","Ukraine","645","Food supply quantity (kg/capita/yr)","S2543","Sweeteners, Other","2020","2020","kg/cap","29.16","E","Estimated value",""
"FBS","Food Balances (2010-)","804","Ukraine","645","Food supply quantity (kg/capita/yr)","S2543","Sweeteners, Other","2021","2021","kg/cap","26.75","E","Estimated value",""
"FBS","Food Balances (2010-)","804","Ukraine","645","Food supply quantity (kg/capita/yr)","S2543","Sweeteners, Other","2022","2022","kg/cap","35.44","E","Estimated value",""
"FBS","Food Balances (2010-)","804","Ukraine","645","Food supply quantity (kg/capita/yr)","S2543","Sweeteners, Other","2023","2023","kg/cap","36.06","E","Estimated value",""
"FBS","Food Balances (2010-)","784","United Arab Emirates","645","Food supply quantity (kg/capita/yr)","S2543","Sweeteners, Other","2019","2019","kg/cap","1.99","E","Estimated value",""
"FBS","Food Balances (2010-)","784","United Arab Emirates","645","Food supply quantity (kg/capita/yr)","S2543","Sweeteners, Other","2020","2020","kg/cap","1.66","E","Estimated value",""
"FBS","Food Balances (2010-)","784","United Arab Emirates","645","Food supply quantity (kg/capita/yr)","S2543","Sweeteners, Other","2021","2021","kg/cap","1.53","E","Estimated value",""
"FBS","Food Balances (2010-)","784","United Arab Emirates","645","Food supply quantity (kg/capita/yr)","S2543","Sweeteners, Other","2022","2022","kg/cap","4.78","E","Estimated value",""
"FBS","Food Balances (2010-)","784","United Arab Emirates","645","Food supply quantity (kg/capita/yr)","S2543","Sweeteners, Other","2023","2023","kg/cap","6.62","E","Estimated value",""
"FBS","Food Balances (2010-)","826","United Kingdom of Great Britain and Northern Ireland","645","Food supply quantity (kg/capita/yr)","S2543","Sweeteners, Other","2019","2019","kg/cap","8.31","E","Estimated value",""
"FBS","Food Balances (2010-)","826","United Kingdom of Great Britain and Northern Ireland","645","Food supply quantity (kg/capita/yr)","S2543","Sweeteners, Other","2020","2020","kg/cap","8.47","E","Estimated value",""
"FBS","Food Balances (2010-)","826","United Kingdom of Great Britain and Northern Ireland","645","Food supply quantity (kg/capita/yr)","S2543","Sweeteners, Other","2021","2021","kg/cap","8.86","E","Estimated value",""
"FBS","Food Balances (2010-)","826","United Kingdom of Great Britain and Northern Ireland","645","Food supply quantity (kg/capita/yr)","S2543","Sweeteners, Other","2022","2022","kg/cap","18.51","E","Estimated value",""
"FBS","Food Balances (2010-)","826","United Kingdom of Great Britain and Northern Ireland","645","Food supply quantity (kg/capita/yr)","S2543","Sweeteners, Other","2023","2023","kg/cap","17.09","E","Estimated value",""
"FBS","Food Balances (2010-)","834","United Republic of Tanzania","645","Food supply quantity (kg/capita/yr)","S2543","Sweeteners, Other","2019","2019","kg/cap","0.09","E","Estimated value",""
"FBS","Food Balances (2010-)","834","United Republic of Tanzania","645","Food supply quantity (kg/capita/yr)","S2543","Sweeteners, Other","2020","2020","kg/cap","0.17","E","Estimated value",""
"FBS","Food Balances (2010-)","834","United Republic of Tanzania","645","Food supply quantity (kg/capita/yr)","S2543","Sweeteners, Other","2021","2021","kg/cap","0.28","E","Estimated value",""
"FBS","Food Balances (2010-)","834","United Republic of Tanzania","645","Food supply quantity (kg/capita/yr)","S2543","Sweeteners, Other","2022","2022","kg/cap","0.1","E","Estimated value",""
"FBS","Food Balances (2010-)","834","United Republic of Tanzania","645","Food supply quantity (kg/capita/yr)","S2543","Sweeteners, Other","2023","2023","kg/cap","0.12","E","Estimated value",""
"FBS","Food Balances (2010-)","840","United States of America","645","Food supply quantity (kg/capita/yr)","S2543","Sweeteners, Other","2019","2019","kg/cap","31.58","E","Estimated value",""
"FBS","Food Balances (2010-)","840","United States of America","645","Food supply quantity (kg/capita/yr)","S2543","Sweeteners, Other","2020","2020","kg/cap","30.39","E","Estimated value",""
"FBS","Food Balances (2010-)","840","United States of America","645","Food supply quantity (kg/capita/yr)","S2543","Sweeteners, Other","2021","2021","kg/cap","31.47","E","Estimated value",""
"FBS","Food Balances (2010-)","840","United States of America","645","Food supply quantity (kg/capita/yr)","S2543","Sweeteners, Other","2022","2022","kg/cap","31.75","E","Estimated value",""
"FBS","Food Balances (2010-)","840","United States of America","645","Food supply quantity (kg/capita/yr)","S2543","Sweeteners, Other","2023","2023","kg/cap","28.91","E","Estimated value",""
"FBS","Food Balances (2010-)","858","Uruguay","645","Food supply quantity (kg/capita/yr)","S2543","Sweeteners, Other","2019","2019","kg/cap","10.55","E","Estimated value",""
"FBS","Food Balances (2010-)","858","Uruguay","645","Food supply quantity (kg/capita/yr)","S2543","Sweeteners, Other","2020","2020","kg/cap","10.9","E","Estimated value",""
"FBS","Food Balances (2010-)","858","Uruguay","645","Food supply quantity (kg/capita/yr)","S2543","Sweeteners, Other","2021","2021","kg/cap","11.11","E","Estimated value",""
"FBS","Food Balances (2010-)","858","Uruguay","645","Food supply quantity (kg/capita/yr)","S2543","Sweeteners, Other","2022","2022","kg/cap","12.66","E","Estimated value",""
"FBS","Food Balances (2010-)","858","Uruguay","645","Food supply quantity (kg/capita/yr)","S2543","Sweeteners, Other","2023","2023","kg/cap","12.44","E","Estimated value",""
"FBS","Food Balances (2010-)","860","Uzbekistan","645","Food supply quantity (kg/capita/yr)","S2543","Sweeteners, Other","2019","2019","kg/cap","0.12","E","Estimated value",""
"FBS","Food Balances (2010-)","860","Uzbekistan","645","Food supply quantity (kg/capita/yr)","S2543","Sweeteners, Other","2020","2020","kg/cap","0.87","E","Estimated value",""
"FBS","Food Balances (2010-)","860","Uzbekistan","645","Food supply quantity (kg/capita/yr)","S2543","Sweeteners, Other","2021","2021","kg/cap","1.54","E","Estimated value",""
"FBS","Food Balances (2010-)","860","Uzbekistan","645","Food supply quantity (kg/capita/yr)","S2543","Sweeteners, Other","2022","2022","kg/cap","1.62","E","Estimated value",""
"FBS","Food Balances (2010-)","860","Uzbekistan","645","Food supply quantity (kg/capita/yr)","S2543","Sweeteners, Other","2023","2023","kg/cap","1.34","E","Estimated value",""
"FBS","Food Balances (2010-)","548","Vanuatu","645","Food supply quantity (kg/capita/yr)","S2543","Sweeteners, Other","2019","2019","kg/cap","3.66","E","Estimated value",""
"FBS","Food Balances (2010-)","548","Vanuatu","645","Food supply quantity (kg/capita/yr)","S2543","Sweeteners, Other","2020","2020","kg/cap","1.54","E","Estimated value",""
"FBS","Food Balances (2010-)","548","Vanuatu","645","Food supply quantity (kg/capita/yr)","S2543","Sweeteners, Other","2021","2021","kg/cap","2.23","E","Estimated value",""
"FBS","Food Balances (2010-)","548","Vanuatu","645","Food supply quantity (kg/capita/yr)","S2543","Sweeteners, Other","2022","2022","kg/cap","1.48","E","Estimated value",""
"FBS","Food Balances (2010-)","548","Vanuatu","645","Food supply quantity (kg/capita/yr)","S2543","Sweeteners, Other","2023","2023","kg/cap","2.71","E","Estimated value",""
"FBS","Food Balances (2010-)","862","Venezuela (Bolivarian Republic of)","645","Food supply quantity (kg/capita/yr)","S2543","Sweeteners, Other","2019","2019","kg/cap","1.28","E","Estimated value",""
"FBS","Food Balances (2010-)","862","Venezuela (Bolivarian Republic of)","645","Food supply quantity (kg/capita/yr)","S2543","Sweeteners, Other","2020","2020","kg/cap","1.44","E","Estimated value",""
"FBS","Food Balances (2010-)","862","Venezuela (Bolivarian Republic of)","645","Food supply quantity (kg/capita/yr)","S2543","Sweeteners, Other","2021","2021","kg/cap","1.98","E","Estimated value",""
"FBS","Food Balances (2010-)","862","Venezuela (Bolivarian Republic of)","645","Food supply quantity (kg/capita/yr)","S2543","Sweeteners, Other","2022","2022","kg/cap","2.8","E","Estimated value",""
"FBS","Food Balances (2010-)","862","Venezuela (Bolivarian Republic of)","645","Food supply quantity (kg/capita/yr)","S2543","Sweeteners, Other","2023","2023","kg/cap","2.95","E","Estimated value",""
"FBS","Food Balances (2010-)","704","Viet Nam","645","Food supply quantity (kg/capita/yr)","S2543","Sweeteners, Other","2019","2019","kg/cap","1.29","E","Estimated value",""
"FBS","Food Balances (2010-)","704","Viet Nam","645","Food supply quantity (kg/capita/yr)","S2543","Sweeteners, Other","2020","2020","kg/cap","2.1","E","Estimated value",""
"FBS","Food Balances (2010-)","704","Viet Nam","645","Food supply quantity (kg/capita/yr)","S2543","Sweeteners, Other","2021","2021","kg/cap","2.52","E","Estimated value",""
"FBS","Food Balances (2010-)","704","Viet Nam","645","Food supply quantity (kg/capita/yr)","S2543","Sweeteners, Other","2022","2022","kg/cap","7.43","E","Estimated value",""
"FBS","Food Balances (2010-)","704","Viet Nam","645","Food supply quantity (kg/capita/yr)","S2543","Sweeteners, Other","2023","2023","kg/cap","6.9","E","Estimated value",""
"FBS","Food Balances (2010-)","887","Yemen","645","Food supply quantity (kg/capita/yr)","S2543","Sweeteners, Other","2019","2019","kg/cap","1.32","E","Estimated value",""
"FBS","Food Balances (2010-)","887","Yemen","645","Food supply quantity (kg/capita/yr)","S2543","Sweeteners, Other","2020","2020","kg/cap","4.15","E","Estimated value",""
"FBS","Food Balances (2010-)","887","Yemen","645","Food supply quantity (kg/capita/yr)","S2543","Sweeteners, Other","2021","2021","kg/cap","3.32","E","Estimated value",""
"FBS","Food Balances (2010-)","887","Yemen","645","Food supply quantity (kg/capita/yr)","S2543","Sweeteners, Other","2022","2022","kg/cap","1.17","E","Estimated value",""
"FBS","Food Balances (2010-)","887","Yemen","645","Food supply quantity (kg/capita/yr)","S2543","Sweeteners, Other","2023","2023","kg/cap","1.99","E","Estimated value",""
"FBS","Food Balances (2010-)","894","Zambia","645","Food supply quantity (kg/capita/yr)","S2543","Sweeteners, Other","2019","2019","kg/cap","0.91","E","Estimated value",""
"FBS","Food Balances (2010-)","894","Zambia","645","Food supply quantity (kg/capita/yr)","S2543","Sweeteners, Other","2020","2020","kg/cap","1.18","E","Estimated value",""
"FBS","Food Balances (2010-)","894","Zambia","645","Food supply quantity (kg/capita/yr)","S2543","Sweeteners, Other","2021","2021","kg/cap","1.44","E","Estimated value",""
"FBS","Food Balances (2010-)","894","Zambia","645","Food supply quantity (kg/capita/yr)","S2543","Sweeteners, Other","2022","2022","kg/cap","0.8","E","Estimated value",""
"FBS","Food Balances (2010-)","894","Zambia","645","Food supply quantity (kg/capita/yr)","S2543","Sweeteners, Other","2023","2023","kg/cap","0.62","E","Estimated value",""
"FBS","Food Balances (2010-)","716","Zimbabwe","645","Food supply quantity (kg/capita/yr)","S2543","Sweeteners, Other","2019","2019","kg/cap","9","E","Estimated value",""
"FBS","Food Balances (2010-)","716","Zimbabwe","645","Food supply quantity (kg/capita/yr)","S2543","Sweeteners, Other","2020","2020","kg/cap","8.04","E","Estimated value",""
"FBS","Food Balances (2010-)","716","Zimbabwe","645","Food supply quantity (kg/capita/yr)","S2543","Sweeteners, Other","2021","2021","kg/cap","10.34","E","Estimated value",""
"FBS","Food Balances (2010-)","716","Zimbabwe","645","Food supply quantity (kg/capita/yr)","S2543","Sweeteners, Other","2022","2022","kg/cap","10.12","E","Estimated value",""
"FBS","Food Balances (2010-)","716","Zimbabwe","645","Food supply quantity (kg/capita/yr)","S2543","Sweeteners, Other","2023","2023","kg/cap","10.4","E","Estimated value",""
